User ID,City,Age,Gender,Device,Platform,First Access,Last Active,Orders,Total Spend (₹),Watched Video,Saved Recipe
U1000,Chennai,25,M,iPhone,App,01-01-2024,14-05-2025,2,1152,Yes,No
U1001,Mumbai,33,M,Android,App,02-01-2024,12-05-2025,3,138,No,No
U1002,Pune,37,F,Android,App,03-01-2024,15-05-2025,3,1296,No,No
U1003,Chennai,31,M,Android,App,04-01-2024,11-05-2025,2,1140,Yes,No
U1004,Delhi,30,F,iPhone,App,05-01-2024,20-04-2025,3,1179,Yes,No
U1005,Bangalore,32,F,Android,App,06-01-2024,26-04-2025,5,325,Yes,Yes
U1006,Kolkata,40,M,Android,Web,07-01-2024,12-05-2025,3,166,Yes,Yes
U1007,Pune,42,M,Android,App,08-01-2024,29-04-2025,1,1320,No,No
U1008,Delhi,30,F,Android,App,09-01-2024,16-04-2025,2,934,Yes,Yes
U1009,Mumbai,42,F,Android,App,10-01-2024,23-04-2025,0,1146,Yes,Yes
U1010,Hyderabad,35,F,iPhone,App,11-01-2024,02-05-2025,2,1098,Yes,No
U1011,Chennai,34,M,Android,App,12-01-2024,06-05-2025,3,336,Yes,Yes
U1012,Bangalore,40,F,Android,App,13-01-2024,14-05-2025,4,1056,Yes,No
U1013,Chennai,34,F,Android,App,14-01-2024,05-05-2025,0,1018,Yes,Yes
U1014,Kolkata,44,F,Android,App,15-01-2024,05-05-2025,1,1261,Yes,Yes
U1015,Mumbai,23,F,Android,App,16-01-2024,18-04-2025,1,572,Yes,Yes
U1016,Chennai,30,F,iPhone,App,17-01-2024,15-05-2025,1,652,No,No
U1017,Bangalore,38,M,Android,App,18-01-2024,21-04-2025,0,794,No,Yes
U1018,Mumbai,34,F,Android,App,19-01-2024,29-04-2025,1,1352,Yes,No
U1019,Chennai,23,F,Android,App,20-01-2024,04-05-2025,2,416,Yes,No
U1020,Hyderabad,40,F,Android,App,21-01-2024,17-04-2025,3,697,No,No
U1021,Pune,32,F,Android,App,22-01-2024,25-04-2025,4,867,Yes,Yes
U1022,Mumbai,41,M,Android,Web,23-01-2024,28-04-2025,1,985,Yes,Yes
U1023,Pune,38,M,iPhone,Web,24-01-2024,03-05-2025,4,660,Yes,No
U1024,Mumbai,21,M,Android,App,25-01-2024,15-04-2025,1,1324,No,No
U1025,Hyderabad,33,F,Android,App,26-01-2024,30-04-2025,2,357,Yes,No
U1026,Pune,23,F,iPhone,App,27-01-2024,01-05-2025,1,1301,No,Yes
U1027,Delhi,35,M,Android,App,28-01-2024,08-05-2025,2,856,No,No
U1028,Bangalore,40,M,Android,App,29-01-2024,05-05-2025,5,222,No,Yes
U1029,Delhi,39,M,Android,App,30-01-2024,02-05-2025,2,441,No,Yes
U1030,Chennai,33,F,Android,Web,31-01-2024,02-05-2025,0,1294,Yes,Yes
U1031,Hyderabad,34,F,Android,App,01-02-2024,13-05-2025,2,1182,Yes,Yes
U1032,Delhi,22,M,Android,Web,02-02-2024,02-05-2025,2,359,No,Yes
U1033,Mumbai,27,M,Android,App,03-02-2024,22-04-2025,2,1496,No,Yes
U1034,Chennai,35,M,iPhone,App,04-02-2024,13-05-2025,1,194,Yes,No
U1035,Chennai,29,F,Android,App,05-02-2024,02-05-2025,5,1248,No,Yes
U1036,Delhi,23,F,Android,App,06-02-2024,19-04-2025,1,140,Yes,No
U1037,Delhi,37,F,Android,App,07-02-2024,29-04-2025,1,353,Yes,Yes
U1038,Hyderabad,21,M,Android,App,08-02-2024,05-05-2025,3,106,Yes,Yes
U1039,Bangalore,36,M,Android,App,09-02-2024,07-05-2025,4,827,Yes,Yes
U1040,Delhi,32,F,iPhone,App,10-02-2024,03-05-2025,4,168,Yes,Yes
U1041,Kolkata,23,M,iPhone,App,11-02-2024,28-04-2025,0,1204,Yes,No
U1042,Delhi,44,F,Android,App,12-02-2024,06-05-2025,1,641,Yes,Yes
U1043,Pune,30,M,iPhone,Web,13-02-2024,29-04-2025,2,1385,Yes,No
U1044,Mumbai,26,M,Android,App,14-02-2024,22-04-2025,1,188,Yes,Yes
U1045,Kolkata,31,M,Android,App,15-02-2024,05-05-2025,1,1331,No,No
U1046,Kolkata,29,M,Android,App,16-02-2024,05-05-2025,1,312,Yes,No
U1047,Pune,26,F,iPhone,App,17-02-2024,19-04-2025,5,933,Yes,Yes
U1048,Pune,32,M,Android,App,18-02-2024,19-04-2025,3,365,Yes,Yes
U1049,Chennai,26,F,Android,App,19-02-2024,11-05-2025,4,1011,Yes,Yes
U1050,Bangalore,43,F,iPhone,App,20-02-2024,30-04-2025,1,392,No,No
U1051,Mumbai,36,F,Android,App,21-02-2024,11-05-2025,1,1330,Yes,Yes
U1052,Hyderabad,29,M,Android,App,22-02-2024,21-04-2025,1,432,No,No
U1053,Kolkata,29,F,Android,App,23-02-2024,03-05-2025,1,1200,Yes,No
U1054,Hyderabad,43,F,Android,App,24-02-2024,29-04-2025,1,1411,Yes,No
U1055,Delhi,23,F,Android,App,25-02-2024,07-05-2025,2,1104,Yes,No
U1056,Delhi,39,M,Android,App,26-02-2024,20-04-2025,0,146,Yes,No
U1057,Hyderabad,23,M,Android,App,27-02-2024,30-04-2025,2,721,Yes,Yes
U1058,Delhi,41,F,iPhone,App,28-02-2024,21-04-2025,7,1323,Yes,No
U1059,Bangalore,26,M,Android,App,29-02-2024,19-04-2025,2,526,Yes,No
U1060,Pune,41,F,Android,App,01-03-2024,15-05-2025,3,309,Yes,Yes
U1061,Delhi,20,F,Android,App,02-03-2024,30-04-2025,1,987,No,No
U1062,Chennai,31,M,Android,App,03-03-2024,25-04-2025,2,253,Yes,Yes
U1063,Delhi,43,F,Android,App,04-03-2024,22-04-2025,2,514,Yes,No
U1064,Mumbai,32,M,Android,Web,05-03-2024,15-05-2025,3,1476,Yes,No
U1065,Bangalore,29,M,Android,App,06-03-2024,26-04-2025,1,1280,Yes,Yes
U1066,Mumbai,34,F,Android,App,07-03-2024,06-05-2025,4,1384,Yes,No
U1067,Mumbai,32,M,Android,App,08-03-2024,28-04-2025,3,1200,No,Yes
U1068,Chennai,42,M,Android,App,09-03-2024,15-04-2025,3,868,No,Yes
U1069,Bangalore,41,F,Android,App,10-03-2024,15-05-2025,7,1082,Yes,Yes
U1070,Bangalore,41,F,Android,App,11-03-2024,09-05-2025,3,1254,Yes,No
U1071,Bangalore,40,M,Android,App,12-03-2024,13-05-2025,5,678,Yes,Yes
U1072,Bangalore,41,M,Android,App,13-03-2024,02-05-2025,3,839,No,Yes
U1073,Bangalore,28,F,Android,App,14-03-2024,01-05-2025,2,262,Yes,No
U1074,Chennai,28,M,iPhone,App,15-03-2024,18-04-2025,2,1138,Yes,Yes
U1075,Delhi,34,M,Android,App,16-03-2024,16-04-2025,1,1355,Yes,Yes
U1076,Mumbai,29,M,Android,App,17-03-2024,26-04-2025,3,294,No,Yes
U1077,Bangalore,43,M,iPhone,Web,18-03-2024,28-04-2025,0,641,Yes,Yes
U1078,Kolkata,44,M,Android,App,19-03-2024,19-04-2025,1,458,Yes,Yes
U1079,Delhi,29,M,Android,Web,20-03-2024,22-04-2025,1,949,No,Yes
U1080,Delhi,27,M,Android,Web,21-03-2024,11-05-2025,2,1454,Yes,No
U1081,Mumbai,43,F,Android,App,22-03-2024,09-05-2025,2,526,No,No
U1082,Chennai,35,F,iPhone,App,23-03-2024,28-04-2025,0,596,Yes,Yes
U1083,Hyderabad,36,F,Android,App,24-03-2024,10-05-2025,3,927,No,Yes
U1084,Hyderabad,24,F,iPhone,App,25-03-2024,08-05-2025,1,585,No,Yes
U1085,Delhi,23,F,Android,App,26-03-2024,21-04-2025,0,429,Yes,No
U1086,Pune,37,M,Android,App,27-03-2024,04-05-2025,3,988,No,Yes
U1087,Pune,43,M,Android,App,28-03-2024,11-05-2025,2,1090,Yes,Yes
U1088,Mumbai,38,M,Android,App,29-03-2024,02-05-2025,0,1270,No,No
U1089,Hyderabad,23,M,Android,Web,30-03-2024,14-05-2025,3,358,Yes,Yes
U1090,Delhi,26,F,iPhone,App,31-03-2024,15-04-2025,2,391,No,Yes
U1091,Chennai,29,M,Android,App,01-04-2024,11-05-2025,1,242,Yes,No
U1092,Hyderabad,44,M,Android,App,02-04-2024,20-04-2025,2,846,No,No
U1093,Delhi,37,F,Android,Web,03-04-2024,24-04-2025,2,726,Yes,Yes
U1094,Delhi,38,M,Android,App,04-04-2024,30-04-2025,3,1488,No,No
U1095,Bangalore,23,M,Android,App,05-04-2024,08-05-2025,5,189,No,Yes
U1096,Chennai,29,F,Android,App,06-04-2024,15-04-2025,2,819,Yes,No
U1097,Bangalore,20,M,Android,App,07-04-2024,24-04-2025,0,1287,No,Yes
U1098,Mumbai,42,M,Android,App,08-04-2024,21-04-2025,2,580,No,No
U1099,Bangalore,37,M,Android,Web,09-04-2024,09-05-2025,0,183,Yes,No
U1100,Kolkata,24,M,iPhone,App,10-04-2024,21-04-2025,2,1200,Yes,No
U1101,Bangalore,34,M,iPhone,App,11-04-2024,06-05-2025,3,772,Yes,No
U1102,Kolkata,36,F,Android,App,12-04-2024,20-04-2025,0,616,Yes,No
U1103,Hyderabad,22,F,Android,App,13-04-2024,24-04-2025,2,584,Yes,Yes
U1104,Pune,31,F,iPhone,App,14-04-2024,19-04-2025,1,881,Yes,Yes
U1105,Delhi,21,F,Android,App,15-04-2024,12-05-2025,2,203,Yes,No
U1106,Kolkata,20,F,iPhone,App,16-04-2024,26-04-2025,3,438,Yes,No
U1107,Chennai,42,F,Android,App,17-04-2024,10-05-2025,4,786,Yes,Yes
U1108,Bangalore,40,M,Android,App,18-04-2024,17-04-2025,0,999,No,No
U1109,Kolkata,36,F,iPhone,App,19-04-2024,15-05-2025,0,706,No,No
U1110,Chennai,41,F,iPhone,App,20-04-2024,06-05-2025,1,322,Yes,No
U1111,Pune,35,M,Android,App,21-04-2024,25-04-2025,1,1132,No,No
U1112,Pune,24,M,Android,App,22-04-2024,21-04-2025,6,1176,No,Yes
U1113,Bangalore,34,F,Android,Web,23-04-2024,25-04-2025,3,1200,No,Yes
U1114,Mumbai,22,M,Android,App,24-04-2024,24-04-2025,1,602,Yes,Yes
U1115,Bangalore,26,F,Android,App,25-04-2024,05-05-2025,3,1439,Yes,Yes
U1116,Hyderabad,30,M,Android,App,26-04-2024,11-05-2025,2,921,No,No
U1117,Kolkata,29,F,iPhone,App,27-04-2024,16-04-2025,1,723,No,No
U1118,Delhi,28,M,Android,App,28-04-2024,28-04-2025,2,264,No,No
U1119,Mumbai,33,M,Android,App,29-04-2024,03-05-2025,3,1402,No,No
U1120,Bangalore,32,F,Android,App,30-04-2024,06-05-2025,1,1150,Yes,Yes
U1121,Chennai,44,F,Android,Web,01-05-2024,30-04-2025,6,1193,Yes,Yes
U1122,Mumbai,44,F,Android,App,02-05-2024,05-05-2025,2,1341,Yes,Yes
U1123,Kolkata,21,F,Android,App,03-05-2024,13-05-2025,0,1488,Yes,Yes
U1124,Mumbai,22,F,Android,App,04-05-2024,11-05-2025,2,1429,No,No
U1125,Kolkata,26,M,iPhone,App,05-05-2024,18-04-2025,3,1247,Yes,Yes
U1126,Bangalore,40,F,iPhone,App,06-05-2024,03-05-2025,1,118,Yes,Yes
U1127,Kolkata,37,F,Android,App,07-05-2024,07-05-2025,3,1380,No,Yes
U1128,Mumbai,22,M,iPhone,App,08-05-2024,21-04-2025,0,1419,Yes,No
U1129,Chennai,29,M,Android,App,09-05-2024,27-04-2025,1,1145,No,Yes
U1130,Pune,41,F,Android,App,10-05-2024,12-05-2025,2,1088,No,Yes
U1131,Mumbai,26,M,Android,App,11-05-2024,20-04-2025,1,549,Yes,Yes
U1132,Kolkata,28,M,Android,App,12-05-2024,13-05-2025,1,651,Yes,No
U1133,Pune,36,F,Android,App,13-05-2024,10-05-2025,3,1171,Yes,Yes
U1134,Kolkata,30,M,iPhone,App,14-05-2024,13-05-2025,3,794,Yes,No
U1135,Chennai,26,M,Android,App,15-05-2024,02-05-2025,1,686,Yes,No
U1136,Kolkata,43,F,iPhone,App,16-05-2024,26-04-2025,0,820,Yes,No
U1137,Bangalore,33,F,Android,App,17-05-2024,10-05-2025,2,1306,No,No
U1138,Delhi,38,M,Android,Web,18-05-2024,21-04-2025,5,206,Yes,Yes
U1139,Mumbai,23,M,iPhone,App,19-05-2024,27-04-2025,0,1311,No,Yes
U1140,Delhi,25,F,Android,App,20-05-2024,24-04-2025,1,875,Yes,Yes
U1141,Kolkata,29,M,Android,App,21-05-2024,26-04-2025,2,1209,Yes,No
U1142,Chennai,26,M,Android,App,22-05-2024,03-05-2025,1,1260,No,Yes
U1143,Mumbai,32,M,Android,App,23-05-2024,08-05-2025,3,997,Yes,Yes
U1144,Kolkata,33,F,Android,App,24-05-2024,27-04-2025,2,435,Yes,No
U1145,Pune,23,M,Android,App,25-05-2024,13-05-2025,2,706,No,No
U1146,Hyderabad,27,M,Android,App,26-05-2024,01-05-2025,4,937,No,Yes
U1147,Kolkata,24,F,iPhone,App,27-05-2024,04-05-2025,4,701,No,No
U1148,Delhi,20,M,Android,App,28-05-2024,17-04-2025,0,502,Yes,No
U1149,Mumbai,23,M,Android,App,29-05-2024,17-04-2025,3,639,Yes,Yes
U1150,Delhi,22,F,Android,App,30-05-2024,08-05-2025,3,1195,No,Yes
U1151,Mumbai,28,F,iPhone,App,31-05-2024,19-04-2025,1,123,No,No
U1152,Kolkata,27,F,Android,App,01-06-2024,13-05-2025,4,723,Yes,No
U1153,Bangalore,20,F,Android,App,02-06-2024,09-05-2025,3,1179,No,Yes
U1154,Pune,25,M,Android,App,03-06-2024,03-05-2025,1,1085,Yes,Yes
U1155,Kolkata,28,M,Android,App,04-06-2024,30-04-2025,1,322,Yes,No
U1156,Delhi,26,F,iPhone,App,05-06-2024,03-05-2025,1,278,Yes,No
U1157,Hyderabad,23,F,Android,App,06-06-2024,27-04-2025,1,899,Yes,No
U1158,Hyderabad,32,M,Android,App,07-06-2024,13-05-2025,1,533,Yes,Yes
U1159,Chennai,36,F,Android,App,08-06-2024,15-04-2025,1,892,Yes,Yes
U1160,Mumbai,21,M,Android,App,09-06-2024,15-04-2025,1,983,Yes,No
U1161,Delhi,24,F,iPhone,App,10-06-2024,13-05-2025,6,591,No,Yes
U1162,Chennai,31,M,iPhone,App,11-06-2024,05-05-2025,2,1312,No,No
U1163,Delhi,40,F,Android,App,12-06-2024,12-05-2025,0,909,No,No
U1164,Mumbai,27,F,iPhone,App,13-06-2024,08-05-2025,2,1060,No,Yes
U1165,Kolkata,25,M,Android,App,14-06-2024,15-05-2025,1,519,Yes,No
U1166,Kolkata,27,F,Android,App,15-06-2024,18-04-2025,2,1372,Yes,Yes
U1167,Hyderabad,37,M,Android,App,16-06-2024,12-05-2025,3,748,No,No
U1168,Kolkata,22,M,Android,App,17-06-2024,15-05-2025,2,1287,Yes,Yes
U1169,Kolkata,41,M,Android,Web,18-06-2024,21-04-2025,1,1378,Yes,Yes
U1170,Bangalore,31,M,iPhone,App,19-06-2024,13-05-2025,4,575,Yes,No
U1171,Hyderabad,22,M,Android,App,20-06-2024,19-04-2025,2,269,No,No
U1172,Chennai,41,F,iPhone,App,21-06-2024,14-05-2025,5,1440,Yes,Yes
U1173,Pune,25,F,Android,App,22-06-2024,10-05-2025,0,273,No,No
U1174,Bangalore,21,M,iPhone,App,23-06-2024,07-05-2025,1,569,Yes,Yes
U1175,Chennai,42,F,Android,App,24-06-2024,21-04-2025,0,444,No,Yes
U1176,Mumbai,31,M,Android,App,25-06-2024,15-04-2025,2,544,No,Yes
U1177,Bangalore,21,F,Android,App,26-06-2024,04-05-2025,1,1141,No,Yes
U1178,Chennai,25,F,iPhone,App,27-06-2024,16-04-2025,2,1193,Yes,Yes
U1179,Mumbai,36,F,Android,App,28-06-2024,06-05-2025,2,1461,Yes,Yes
U1180,Hyderabad,22,F,iPhone,App,29-06-2024,04-05-2025,2,727,No,Yes
U1181,Pune,21,M,Android,App,30-06-2024,08-05-2025,3,691,Yes,Yes
U1182,Mumbai,42,M,Android,App,01-07-2024,09-05-2025,1,626,Yes,Yes
U1183,Kolkata,39,F,iPhone,App,02-07-2024,29-04-2025,1,555,Yes,No
U1184,Delhi,27,F,Android,Web,03-07-2024,15-04-2025,3,1392,No,Yes
U1185,Mumbai,41,M,Android,App,04-07-2024,09-05-2025,2,910,Yes,No
U1186,Mumbai,31,F,Android,App,05-07-2024,13-05-2025,5,287,No,No
U1187,Pune,23,M,iPhone,App,06-07-2024,05-05-2025,2,1120,Yes,No
U1188,Delhi,24,M,Android,App,07-07-2024,22-04-2025,0,810,Yes,No
U1189,Kolkata,32,M,iPhone,App,08-07-2024,12-05-2025,1,628,No,No
U1190,Chennai,34,F,Android,App,09-07-2024,24-04-2025,2,533,Yes,Yes
U1191,Chennai,44,M,iPhone,App,10-07-2024,28-04-2025,2,387,Yes,No
U1192,Mumbai,42,F,iPhone,App,11-07-2024,10-05-2025,4,598,No,No
U1193,Delhi,35,M,Android,App,12-07-2024,19-04-2025,2,402,No,No
U1194,Delhi,29,F,Android,App,13-07-2024,08-05-2025,2,186,Yes,No
U1195,Kolkata,44,F,Android,App,14-07-2024,12-05-2025,1,929,No,Yes
U1196,Pune,42,F,Android,App,15-07-2024,05-05-2025,3,537,No,No
U1197,Hyderabad,35,M,Android,App,16-07-2024,27-04-2025,3,640,No,No
U1198,Chennai,31,M,Android,Web,17-07-2024,09-05-2025,4,1145,Yes,Yes
U1199,Pune,36,F,Android,App,18-07-2024,14-05-2025,5,932,Yes,Yes
U1200,Bangalore,35,F,Android,App,19-07-2024,01-05-2025,0,896,No,No
U1201,Chennai,31,F,Android,App,20-07-2024,17-04-2025,0,659,No,No
U1202,Pune,27,M,Android,App,21-07-2024,29-04-2025,3,861,Yes,Yes
U1203,Chennai,39,M,iPhone,App,22-07-2024,18-04-2025,0,566,Yes,No
U1204,Hyderabad,22,M,Android,Web,23-07-2024,01-05-2025,2,1224,Yes,Yes
U1205,Bangalore,35,M,Android,App,24-07-2024,18-04-2025,4,774,Yes,Yes
U1206,Hyderabad,32,F,Android,App,25-07-2024,10-05-2025,3,784,Yes,Yes
U1207,Kolkata,42,F,iPhone,App,26-07-2024,08-05-2025,0,1264,Yes,Yes
U1208,Bangalore,38,M,iPhone,App,27-07-2024,19-04-2025,0,237,No,Yes
U1209,Mumbai,27,M,iPhone,App,28-07-2024,28-04-2025,2,677,Yes,Yes
U1210,Pune,41,F,iPhone,App,29-07-2024,13-05-2025,2,809,No,No
U1211,Bangalore,24,M,Android,App,30-07-2024,27-04-2025,1,327,Yes,No
U1212,Kolkata,39,M,iPhone,App,31-07-2024,03-05-2025,2,380,Yes,Yes
U1213,Kolkata,27,M,Android,App,01-08-2024,23-04-2025,0,783,Yes,Yes
U1214,Hyderabad,43,M,Android,App,02-08-2024,17-04-2025,3,927,Yes,Yes
U1215,Chennai,31,M,iPhone,Web,03-08-2024,25-04-2025,0,530,No,No
U1216,Bangalore,20,M,Android,App,04-08-2024,22-04-2025,0,1163,No,Yes
U1217,Pune,44,F,Android,App,05-08-2024,09-05-2025,1,1334,Yes,Yes
U1218,Bangalore,40,M,Android,App,06-08-2024,15-04-2025,2,401,Yes,No
U1219,Delhi,39,M,Android,App,07-08-2024,15-05-2025,1,1209,Yes,No
U1220,Chennai,25,F,Android,Web,08-08-2024,24-04-2025,4,1376,No,Yes
U1221,Pune,41,F,Android,App,09-08-2024,16-04-2025,5,632,No,Yes
U1222,Pune,37,F,Android,App,10-08-2024,03-05-2025,1,868,Yes,Yes
U1223,Mumbai,27,M,Android,App,11-08-2024,26-04-2025,2,543,No,No
U1224,Hyderabad,26,F,iPhone,App,12-08-2024,07-05-2025,3,1156,No,No
U1225,Mumbai,20,M,Android,App,13-08-2024,08-05-2025,3,359,Yes,Yes
U1226,Pune,40,M,Android,App,14-08-2024,23-04-2025,2,1357,Yes,No
U1227,Chennai,35,M,iPhone,App,15-08-2024,15-05-2025,0,1431,No,Yes
U1228,Bangalore,31,F,iPhone,App,16-08-2024,20-04-2025,0,838,No,Yes
U1229,Bangalore,25,F,Android,App,17-08-2024,08-05-2025,0,895,Yes,Yes
U1230,Chennai,39,F,Android,Web,18-08-2024,02-05-2025,3,169,Yes,Yes
U1231,Pune,21,F,iPhone,App,19-08-2024,02-05-2025,1,1487,Yes,Yes
U1232,Kolkata,33,F,iPhone,App,20-08-2024,14-05-2025,5,1082,Yes,Yes
U1233,Bangalore,23,M,Android,App,21-08-2024,03-05-2025,2,580,No,Yes
U1234,Kolkata,20,M,Android,App,22-08-2024,17-04-2025,3,1267,Yes,Yes
U1235,Bangalore,42,M,Android,App,23-08-2024,14-05-2025,4,123,No,No
U1236,Bangalore,37,M,Android,App,24-08-2024,19-04-2025,0,1064,No,Yes
U1237,Hyderabad,32,F,Android,Web,25-08-2024,13-05-2025,0,845,Yes,Yes
U1238,Hyderabad,21,F,Android,App,26-08-2024,10-05-2025,0,944,Yes,No
U1239,Delhi,28,M,Android,App,27-08-2024,03-05-2025,1,1298,Yes,No
U1240,Mumbai,40,F,Android,App,28-08-2024,30-04-2025,1,424,No,No
U1241,Chennai,21,F,Android,App,29-08-2024,16-04-2025,1,1471,Yes,Yes
U1242,Chennai,44,M,iPhone,App,30-08-2024,04-05-2025,1,897,No,Yes
U1243,Chennai,28,M,Android,App,31-08-2024,29-04-2025,2,117,No,No
U1244,Delhi,20,F,Android,App,01-09-2024,30-04-2025,1,143,Yes,No
U1245,Hyderabad,30,F,iPhone,App,02-09-2024,05-05-2025,1,254,No,Yes
U1246,Pune,22,M,Android,App,03-09-2024,26-04-2025,3,966,No,No
U1247,Kolkata,39,M,Android,App,04-09-2024,30-04-2025,1,1021,Yes,Yes
U1248,Kolkata,42,M,Android,App,05-09-2024,01-05-2025,2,842,Yes,No
U1249,Pune,23,F,Android,App,06-09-2024,12-05-2025,1,324,No,No
U1250,Delhi,37,M,iPhone,App,07-09-2024,15-05-2025,2,316,No,No
U1251,Pune,42,M,Android,App,08-09-2024,06-05-2025,3,130,Yes,No
U1252,Chennai,25,F,Android,App,09-09-2024,13-05-2025,3,1182,Yes,No
U1253,Mumbai,22,F,Android,App,10-09-2024,07-05-2025,0,997,Yes,Yes
U1254,Bangalore,41,F,Android,App,11-09-2024,28-04-2025,2,1476,No,Yes
U1255,Kolkata,30,F,iPhone,Web,12-09-2024,08-05-2025,0,1034,Yes,Yes
U1256,Hyderabad,34,F,Android,App,13-09-2024,03-05-2025,3,544,Yes,Yes
U1257,Hyderabad,41,M,Android,App,14-09-2024,02-05-2025,3,1358,No,No
U1258,Delhi,24,M,Android,App,15-09-2024,20-04-2025,1,1230,Yes,Yes
U1259,Hyderabad,39,F,Android,App,16-09-2024,27-04-2025,0,1314,No,Yes
U1260,Chennai,29,F,Android,App,17-09-2024,20-04-2025,1,629,Yes,No
U1261,Kolkata,31,F,Android,App,18-09-2024,12-05-2025,1,837,No,No
U1262,Pune,34,F,Android,App,19-09-2024,08-05-2025,1,973,Yes,Yes
U1263,Chennai,36,F,Android,App,20-09-2024,12-05-2025,2,665,No,Yes
U1264,Delhi,29,M,Android,Web,21-09-2024,26-04-2025,4,1368,No,Yes
U1265,Chennai,25,M,Android,App,22-09-2024,03-05-2025,2,175,Yes,No
U1266,Pune,37,M,Android,App,23-09-2024,03-05-2025,3,646,Yes,Yes
U1267,Mumbai,32,M,iPhone,App,24-09-2024,21-04-2025,2,366,Yes,No
U1268,Delhi,22,F,Android,App,25-09-2024,03-05-2025,3,416,Yes,Yes
U1269,Mumbai,43,M,Android,App,26-09-2024,25-04-2025,3,1244,No,Yes
U1270,Bangalore,29,F,Android,App,27-09-2024,23-04-2025,0,124,No,No
U1271,Mumbai,33,F,Android,App,28-09-2024,14-05-2025,1,259,Yes,Yes
U1272,Bangalore,25,F,Android,App,29-09-2024,14-05-2025,2,695,No,Yes
U1273,Bangalore,22,M,Android,App,30-09-2024,07-05-2025,3,1237,No,Yes
U1274,Mumbai,35,F,Android,App,01-10-2024,15-04-2025,0,999,No,Yes
U1275,Delhi,26,M,Android,App,02-10-2024,13-05-2025,1,601,Yes,No
U1276,Pune,39,M,iPhone,App,03-10-2024,11-05-2025,4,1289,Yes,Yes
U1277,Chennai,33,F,iPhone,App,04-10-2024,23-04-2025,2,1112,Yes,Yes
U1278,Chennai,28,F,Android,App,05-10-2024,08-05-2025,1,802,Yes,Yes
U1279,Pune,34,F,Android,App,06-10-2024,03-05-2025,1,1298,Yes,No
U1280,Kolkata,40,M,Android,App,07-10-2024,02-05-2025,1,100,Yes,No
U1281,Kolkata,22,F,Android,App,08-10-2024,07-05-2025,3,840,Yes,No
U1282,Bangalore,21,M,iPhone,Web,09-10-2024,02-05-2025,1,1209,No,No
U1283,Bangalore,21,F,Android,App,10-10-2024,25-04-2025,2,419,Yes,Yes
U1284,Delhi,22,F,Android,App,11-10-2024,25-04-2025,5,481,Yes,Yes
U1285,Hyderabad,37,M,Android,App,12-10-2024,01-05-2025,0,1441,Yes,Yes
U1286,Mumbai,33,M,Android,App,13-10-2024,12-05-2025,3,1373,Yes,Yes
U1287,Bangalore,39,M,Android,App,14-10-2024,10-05-2025,2,997,Yes,Yes
U1288,Chennai,37,M,Android,App,15-10-2024,19-04-2025,1,816,Yes,No
U1289,Delhi,29,M,Android,App,16-10-2024,10-05-2025,1,1379,Yes,No
U1290,Mumbai,44,M,Android,App,17-10-2024,02-05-2025,3,406,Yes,No
U1291,Delhi,21,F,Android,App,18-10-2024,28-04-2025,1,1267,Yes,Yes
U1292,Mumbai,44,F,Android,Web,19-10-2024,16-04-2025,1,490,Yes,No
U1293,Mumbai,41,M,Android,App,20-10-2024,18-04-2025,1,1292,No,No
U1294,Pune,20,F,Android,App,21-10-2024,19-04-2025,2,1089,Yes,No
U1295,Bangalore,23,M,Android,App,22-10-2024,26-04-2025,1,397,Yes,Yes
U1296,Delhi,33,F,Android,App,23-10-2024,01-05-2025,2,332,Yes,Yes
U1297,Delhi,20,F,Android,App,24-10-2024,16-04-2025,3,370,Yes,Yes
U1298,Pune,33,M,iPhone,App,25-10-2024,22-04-2025,2,1183,Yes,Yes
U1299,Chennai,35,M,Android,App,26-10-2024,06-05-2025,3,1419,Yes,No
U1300,Chennai,41,M,Android,App,27-10-2024,13-05-2025,2,1358,No,Yes
U1301,Kolkata,33,F,Android,App,28-10-2024,29-04-2025,1,776,Yes,Yes
U1302,Bangalore,39,M,Android,App,29-10-2024,08-05-2025,2,805,Yes,No
U1303,Bangalore,22,F,Android,App,30-10-2024,17-04-2025,3,333,No,No
U1304,Hyderabad,22,M,Android,App,31-10-2024,02-05-2025,2,1491,No,Yes
U1305,Pune,28,F,iPhone,App,01-11-2024,25-04-2025,0,944,Yes,No
U1306,Chennai,25,F,Android,App,02-11-2024,13-05-2025,3,1355,Yes,Yes
U1307,Mumbai,44,M,Android,App,03-11-2024,05-05-2025,1,590,Yes,Yes
U1308,Delhi,32,F,Android,Web,04-11-2024,29-04-2025,1,602,Yes,Yes
U1309,Bangalore,40,F,Android,App,05-11-2024,09-05-2025,4,989,Yes,No
U1310,Delhi,21,M,iPhone,App,06-11-2024,13-05-2025,3,691,Yes,No
U1311,Delhi,27,F,Android,App,07-11-2024,03-05-2025,3,845,No,Yes
U1312,Hyderabad,40,M,Android,App,08-11-2024,30-04-2025,2,527,Yes,No
U1313,Chennai,21,M,iPhone,App,09-11-2024,05-05-2025,1,796,Yes,Yes
U1314,Bangalore,23,M,Android,Web,10-11-2024,06-05-2025,1,745,Yes,No
U1315,Delhi,44,M,Android,App,11-11-2024,30-04-2025,0,831,No,Yes
U1316,Bangalore,34,F,Android,App,12-11-2024,06-05-2025,4,899,Yes,Yes
U1317,Mumbai,23,F,Android,App,13-11-2024,06-05-2025,3,463,No,No
U1318,Hyderabad,32,F,Android,App,14-11-2024,14-05-2025,0,301,Yes,No
U1319,Mumbai,31,M,Android,App,15-11-2024,13-05-2025,0,981,Yes,Yes
U1320,Bangalore,32,F,Android,Web,16-11-2024,04-05-2025,6,245,Yes,Yes
U1321,Kolkata,33,F,Android,App,17-11-2024,10-05-2025,2,935,Yes,Yes
U1322,Bangalore,39,M,Android,App,18-11-2024,05-05-2025,6,738,Yes,Yes
U1323,Chennai,37,M,Android,App,19-11-2024,25-04-2025,0,234,Yes,No
U1324,Delhi,25,F,Android,App,20-11-2024,08-05-2025,2,725,Yes,No
U1325,Delhi,30,M,Android,App,21-11-2024,12-05-2025,0,1387,No,Yes
U1326,Mumbai,21,M,Android,App,22-11-2024,14-05-2025,1,163,Yes,Yes
U1327,Hyderabad,42,M,Android,App,23-11-2024,22-04-2025,6,590,Yes,No
U1328,Kolkata,38,M,Android,App,24-11-2024,11-05-2025,1,140,Yes,Yes
U1329,Pune,38,F,Android,App,25-11-2024,30-04-2025,2,1419,No,No
U1330,Delhi,24,M,iPhone,App,26-11-2024,11-05-2025,1,1126,No,Yes
U1331,Chennai,38,M,Android,App,27-11-2024,23-04-2025,1,1012,Yes,No
U1332,Mumbai,21,M,Android,App,28-11-2024,09-05-2025,4,1074,Yes,No
U1333,Mumbai,29,M,Android,App,29-11-2024,08-05-2025,5,1233,Yes,No
U1334,Pune,44,M,Android,App,30-11-2024,01-05-2025,3,1344,No,No
U1335,Chennai,21,M,Android,App,01-12-2024,19-04-2025,1,1493,No,Yes
U1336,Hyderabad,30,M,iPhone,App,02-12-2024,30-04-2025,2,467,Yes,No
U1337,Chennai,37,M,Android,App,03-12-2024,25-04-2025,3,1017,Yes,No
U1338,Hyderabad,43,F,Android,App,04-12-2024,30-04-2025,3,1127,Yes,Yes
U1339,Chennai,34,M,Android,App,05-12-2024,26-04-2025,3,343,Yes,Yes
U1340,Chennai,28,F,Android,App,06-12-2024,21-04-2025,3,1001,No,Yes
U1341,Bangalore,42,M,Android,App,07-12-2024,01-05-2025,2,265,Yes,Yes
U1342,Mumbai,38,M,Android,App,08-12-2024,15-04-2025,3,1149,Yes,Yes
U1343,Chennai,28,M,Android,App,09-12-2024,29-04-2025,5,1140,No,No
U1344,Pune,22,M,Android,App,10-12-2024,16-04-2025,0,827,No,Yes
U1345,Chennai,40,F,Android,App,11-12-2024,26-04-2025,1,1215,Yes,No
U1346,Delhi,28,M,Android,App,12-12-2024,21-04-2025,3,582,No,Yes
U1347,Mumbai,33,M,iPhone,App,13-12-2024,07-05-2025,1,642,Yes,Yes
U1348,Delhi,38,F,Android,App,14-12-2024,19-04-2025,0,1328,No,Yes
U1349,Mumbai,26,F,iPhone,App,15-12-2024,05-05-2025,1,1030,No,Yes
U1350,Delhi,35,M,Android,App,16-12-2024,05-05-2025,3,499,Yes,Yes
U1351,Chennai,35,F,iPhone,App,17-12-2024,10-05-2025,3,1330,No,Yes
U1352,Chennai,20,F,iPhone,App,18-12-2024,29-04-2025,3,718,No,Yes
U1353,Bangalore,23,F,Android,App,19-12-2024,01-05-2025,2,1269,Yes,No
U1354,Pune,23,M,Android,App,20-12-2024,26-04-2025,2,978,Yes,No
U1355,Delhi,26,M,Android,App,21-12-2024,15-04-2025,2,200,No,Yes
U1356,Hyderabad,27,M,iPhone,App,22-12-2024,09-05-2025,3,979,Yes,No
U1357,Bangalore,36,F,Android,App,23-12-2024,26-04-2025,2,929,Yes,No
U1358,Delhi,24,M,Android,App,24-12-2024,03-05-2025,1,1364,No,Yes
U1359,Delhi,26,F,Android,Web,25-12-2024,06-05-2025,2,858,No,No
U1360,Bangalore,39,M,iPhone,App,26-12-2024,05-05-2025,3,262,Yes,No
U1361,Chennai,39,M,iPhone,App,27-12-2024,25-04-2025,1,1296,Yes,Yes
U1362,Delhi,23,F,iPhone,App,28-12-2024,24-04-2025,3,601,Yes,Yes
U1363,Chennai,25,M,Android,App,29-12-2024,06-05-2025,1,646,Yes,Yes
U1364,Bangalore,26,F,Android,App,30-12-2024,05-05-2025,1,1407,Yes,Yes
U1365,Chennai,37,F,Android,App,31-12-2024,20-04-2025,0,1482,No,No
U1366,Mumbai,24,M,Android,App,01-01-2025,19-04-2025,1,480,Yes,Yes
U1367,Hyderabad,39,F,Android,App,02-01-2025,26-04-2025,1,969,Yes,No
U1368,Kolkata,22,M,Android,App,03-01-2025,25-04-2025,0,1004,Yes,No
U1369,Delhi,26,M,Android,App,04-01-2025,10-05-2025,0,1286,No,No
U1370,Pune,41,F,Android,App,05-01-2025,15-05-2025,1,1101,Yes,No
U1371,Hyderabad,33,M,iPhone,Web,06-01-2025,25-04-2025,1,708,Yes,Yes
U1372,Kolkata,26,F,Android,App,07-01-2025,02-05-2025,2,406,Yes,Yes
U1373,Chennai,24,M,iPhone,App,08-01-2025,15-04-2025,0,1462,Yes,No
U1374,Delhi,41,M,Android,App,09-01-2025,02-05-2025,2,154,Yes,Yes
U1375,Chennai,24,M,Android,App,10-01-2025,28-04-2025,0,1082,Yes,Yes
U1376,Mumbai,42,M,Android,App,11-01-2025,09-05-2025,2,432,Yes,No
U1377,Bangalore,21,M,Android,App,12-01-2025,23-04-2025,4,226,Yes,No
U1378,Delhi,40,F,Android,App,13-01-2025,10-05-2025,0,804,Yes,Yes
U1379,Kolkata,41,F,Android,App,14-01-2025,25-04-2025,1,342,Yes,No
U1380,Kolkata,25,F,Android,App,15-01-2025,24-04-2025,3,699,Yes,No
U1381,Mumbai,34,F,Android,App,16-01-2025,17-04-2025,3,602,Yes,Yes
U1382,Mumbai,40,F,Android,App,17-01-2025,30-04-2025,0,703,Yes,Yes
U1383,Delhi,29,F,iPhone,App,18-01-2025,19-04-2025,1,402,Yes,No
U1384,Chennai,42,M,Android,App,19-01-2025,26-04-2025,3,334,No,Yes
U1385,Pune,43,M,Android,App,20-01-2025,17-04-2025,1,1161,Yes,Yes
U1386,Kolkata,26,F,Android,App,21-01-2025,28-04-2025,4,238,Yes,Yes
U1387,Kolkata,24,F,Android,App,22-01-2025,20-04-2025,0,294,Yes,No
U1388,Mumbai,20,M,Android,Web,23-01-2025,29-04-2025,2,746,No,Yes
U1389,Hyderabad,32,M,Android,App,24-01-2025,12-05-2025,0,100,No,Yes
U1390,Mumbai,40,M,iPhone,App,25-01-2025,23-04-2025,1,660,Yes,Yes
U1391,Pune,37,F,Android,App,26-01-2025,26-04-2025,2,1219,Yes,No
U1392,Chennai,32,F,iPhone,App,27-01-2025,20-04-2025,0,812,Yes,Yes
U1393,Chennai,40,F,iPhone,App,28-01-2025,21-04-2025,4,512,Yes,No
U1394,Hyderabad,40,M,Android,App,29-01-2025,16-04-2025,2,637,Yes,No
U1395,Kolkata,37,M,Android,App,30-01-2025,29-04-2025,2,528,No,Yes
U1396,Mumbai,24,F,iPhone,App,31-01-2025,11-05-2025,0,334,Yes,No
U1397,Chennai,32,F,Android,App,01-02-2025,12-05-2025,2,448,No,No
U1398,Pune,23,M,Android,Web,02-02-2025,15-04-2025,2,495,Yes,No
U1399,Delhi,36,M,iPhone,App,03-02-2025,29-04-2025,0,1474,No,Yes
U1400,Bangalore,22,M,Android,App,04-02-2025,07-05-2025,0,515,No,No
U1401,Bangalore,36,M,Android,App,05-02-2025,20-04-2025,1,1015,Yes,No
U1402,Bangalore,30,F,Android,App,06-02-2025,20-04-2025,3,1174,Yes,No
U1403,Kolkata,40,M,Android,App,07-02-2025,03-05-2025,1,180,Yes,Yes
U1404,Mumbai,39,M,Android,App,08-02-2025,14-05-2025,4,135,Yes,No
U1405,Hyderabad,42,M,Android,App,09-02-2025,10-05-2025,0,1190,Yes,Yes
U1406,Chennai,40,F,Android,App,10-02-2025,15-05-2025,2,740,Yes,Yes
U1407,Delhi,23,F,Android,App,11-02-2025,18-04-2025,3,981,Yes,Yes
U1408,Pune,21,M,Android,App,12-02-2025,16-04-2025,3,856,No,No
U1409,Delhi,39,M,Android,App,13-02-2025,16-04-2025,2,722,Yes,Yes
U1410,Pune,35,M,Android,App,14-02-2025,15-04-2025,0,567,No,No
U1411,Kolkata,37,F,Android,App,15-02-2025,07-05-2025,2,1265,Yes,No
U1412,Mumbai,27,F,Android,App,16-02-2025,16-04-2025,1,455,No,Yes
U1413,Bangalore,22,F,Android,App,17-02-2025,02-05-2025,3,808,Yes,No
U1414,Mumbai,28,M,Android,App,18-02-2025,03-05-2025,3,1119,Yes,Yes
U1415,Kolkata,39,F,iPhone,App,19-02-2025,06-05-2025,4,1001,No,Yes
U1416,Hyderabad,25,M,Android,App,20-02-2025,30-04-2025,2,772,Yes,No
U1417,Hyderabad,29,M,Android,App,21-02-2025,07-05-2025,1,538,No,No
U1418,Kolkata,40,M,Android,App,22-02-2025,24-04-2025,2,630,Yes,No
U1419,Pune,29,F,Android,App,23-02-2025,19-04-2025,1,226,Yes,No
U1420,Chennai,32,M,Android,App,24-02-2025,22-04-2025,1,304,Yes,Yes
U1421,Chennai,36,F,Android,App,25-02-2025,10-05-2025,3,128,No,Yes
U1422,Pune,28,F,Android,App,26-02-2025,02-05-2025,1,544,Yes,No
U1423,Hyderabad,36,M,Android,App,27-02-2025,07-05-2025,1,1065,No,Yes
U1424,Hyderabad,43,M,Android,App,28-02-2025,03-05-2025,4,563,No,Yes
U1425,Hyderabad,28,F,Android,Web,01-03-2025,03-05-2025,3,1403,Yes,No
U1426,Mumbai,28,M,Android,App,02-03-2025,21-04-2025,3,250,Yes,Yes
U1427,Hyderabad,20,F,Android,App,03-03-2025,25-04-2025,1,339,No,Yes
U1428,Delhi,21,M,Android,App,04-03-2025,30-04-2025,4,365,Yes,No
U1429,Bangalore,35,F,Android,Web,05-03-2025,12-05-2025,2,1228,Yes,No
U1430,Hyderabad,20,F,Android,App,06-03-2025,30-04-2025,2,1012,Yes,No
U1431,Pune,29,F,Android,App,07-03-2025,22-04-2025,1,596,Yes,No
U1432,Bangalore,37,F,Android,App,08-03-2025,17-04-2025,4,784,Yes,Yes
U1433,Mumbai,27,M,Android,App,09-03-2025,15-04-2025,1,257,Yes,No
U1434,Pune,40,M,Android,App,10-03-2025,29-04-2025,4,271,No,No
U1435,Bangalore,30,F,Android,App,11-03-2025,17-04-2025,3,593,Yes,Yes
U1436,Pune,42,F,Android,App,12-03-2025,19-04-2025,2,1069,Yes,Yes
U1437,Mumbai,21,M,iPhone,Web,13-03-2025,11-05-2025,1,1434,No,No
U1438,Delhi,27,M,Android,App,14-03-2025,23-04-2025,1,775,No,No
U1439,Mumbai,41,M,Android,App,15-03-2025,27-04-2025,1,758,No,No
U1440,Mumbai,27,M,Android,App,16-03-2025,11-05-2025,5,1002,Yes,No
U1441,Pune,36,M,Android,App,17-03-2025,03-05-2025,2,765,No,No
U1442,Kolkata,34,M,Android,App,18-03-2025,08-05-2025,0,466,Yes,No
U1443,Chennai,36,F,Android,App,19-03-2025,02-05-2025,2,649,Yes,No
U1444,Hyderabad,42,M,Android,App,20-03-2025,03-05-2025,6,742,Yes,Yes
U1445,Hyderabad,43,M,iPhone,App,21-03-2025,20-04-2025,0,354,Yes,No
U1446,Delhi,32,F,Android,App,22-03-2025,27-04-2025,3,307,No,Yes
U1447,Delhi,38,M,iPhone,Web,23-03-2025,27-04-2025,0,549,Yes,No
U1448,Hyderabad,24,M,Android,App,24-03-2025,28-04-2025,1,194,No,No
U1449,Chennai,31,M,Android,App,25-03-2025,19-04-2025,1,938,No,No
U1450,Hyderabad,20,M,Android,App,26-03-2025,08-05-2025,0,577,Yes,No
U1451,Kolkata,42,M,Android,App,27-03-2025,20-04-2025,3,782,Yes,Yes
U1452,Chennai,24,F,Android,App,28-03-2025,13-05-2025,2,861,Yes,Yes
U1453,Delhi,27,M,Android,App,29-03-2025,17-04-2025,2,289,Yes,Yes
U1454,Bangalore,32,F,Android,App,30-03-2025,30-04-2025,1,810,Yes,No
U1455,Pune,27,F,Android,App,31-03-2025,26-04-2025,2,855,No,No
U1456,Kolkata,44,M,Android,App,01-04-2025,09-05-2025,3,935,Yes,No
U1457,Kolkata,42,F,iPhone,App,02-04-2025,25-04-2025,2,232,Yes,Yes
U1458,Delhi,30,M,Android,App,03-04-2025,22-04-2025,0,154,No,Yes
U1459,Delhi,20,F,iPhone,App,04-04-2025,19-04-2025,4,609,Yes,No
U1460,Mumbai,32,F,iPhone,App,05-04-2025,12-05-2025,2,769,No,Yes
U1461,Kolkata,38,M,iPhone,App,06-04-2025,30-04-2025,2,509,Yes,No
U1462,Mumbai,43,M,Android,App,07-04-2025,14-05-2025,3,1334,Yes,No
U1463,Mumbai,22,M,Android,App,08-04-2025,15-05-2025,1,1416,Yes,No
U1464,Pune,43,M,iPhone,App,09-04-2025,28-04-2025,3,1086,Yes,Yes
U1465,Mumbai,36,M,Android,App,10-04-2025,24-04-2025,0,833,Yes,No
U1466,Chennai,24,F,Android,App,11-04-2025,05-05-2025,0,1238,No,Yes
U1467,Hyderabad,39,F,Android,App,12-04-2025,27-04-2025,2,358,Yes,No
U1468,Bangalore,40,F,Android,App,13-04-2025,23-04-2025,5,1245,No,Yes
U1469,Delhi,27,F,Android,App,14-04-2025,17-04-2025,1,398,Yes,Yes
U1470,Chennai,33,F,Android,App,15-04-2025,20-04-2025,3,660,Yes,No
U1471,Bangalore,23,F,iPhone,App,16-04-2025,29-04-2025,1,396,Yes,Yes
U1472,Kolkata,30,F,Android,App,17-04-2025,15-04-2025,0,461,No,No
U1473,Kolkata,39,M,iPhone,App,18-04-2025,14-05-2025,4,688,Yes,No
U1474,Kolkata,34,M,Android,App,19-04-2025,21-04-2025,1,226,Yes,No
U1475,Chennai,38,F,Android,App,20-04-2025,09-05-2025,3,296,No,No
U1476,Chennai,26,F,Android,Web,21-04-2025,13-05-2025,0,320,Yes,Yes
U1477,Delhi,38,M,Android,App,22-04-2025,04-05-2025,1,1094,No,No
U1478,Hyderabad,38,M,iPhone,App,23-04-2025,22-04-2025,0,190,Yes,Yes
U1479,Mumbai,30,M,Android,Web,24-04-2025,05-05-2025,3,510,No,Yes
U1480,Kolkata,24,M,Android,App,25-04-2025,18-04-2025,1,107,No,No
U1481,Pune,24,F,Android,App,26-04-2025,08-05-2025,1,643,No,Yes
U1482,Hyderabad,41,M,Android,App,27-04-2025,21-04-2025,3,567,Yes,No
U1483,Pune,27,F,Android,App,28-04-2025,27-04-2025,2,419,Yes,No
U1484,Delhi,29,F,Android,App,29-04-2025,17-04-2025,6,368,No,No
U1485,Delhi,25,F,Android,App,30-04-2025,21-04-2025,4,1314,Yes,No
U1486,Delhi,34,M,iPhone,App,01-05-2025,10-05-2025,1,160,Yes,Yes
U1487,Bangalore,35,M,Android,App,02-05-2025,15-05-2025,1,1387,No,No
U1488,Pune,36,F,Android,Web,03-05-2025,15-04-2025,3,896,Yes,No
U1489,Hyderabad,27,F,Android,App,04-05-2025,05-05-2025,2,1218,Yes,Yes
U1490,Hyderabad,27,F,Android,App,05-05-2025,26-04-2025,1,652,Yes,Yes
U1491,Chennai,44,M,Android,App,06-05-2025,18-04-2025,2,1025,Yes,No
U1492,Chennai,28,F,Android,App,07-05-2025,04-05-2025,0,760,Yes,Yes
U1493,Kolkata,21,M,Android,App,08-05-2025,06-05-2025,2,815,No,Yes
U1494,Chennai,34,F,iPhone,Web,09-05-2025,10-05-2025,4,878,Yes,No
U1495,Delhi,37,F,Android,App,10-05-2025,17-04-2025,3,293,No,No
U1496,Hyderabad,22,F,Android,App,11-05-2025,30-04-2025,2,581,No,No
U1497,Pune,36,M,Android,App,12-05-2025,27-04-2025,1,1459,No,No
U1498,Delhi,23,M,Android,App,13-05-2025,29-04-2025,1,1319,Yes,No
U1499,Bangalore,23,F,Android,Web,14-05-2025,10-05-2025,0,954,No,Yes
U1500,Chennai,33,M,Android,App,15-05-2025,29-04-2025,0,1372,Yes,Yes
U1501,Delhi,28,F,iPhone,App,16-05-2025,08-05-2025,3,597,Yes,Yes
U1502,Delhi,28,M,iPhone,App,17-05-2025,01-05-2025,0,311,No,No
U1503,Bangalore,44,M,iPhone,App,18-05-2025,23-04-2025,3,764,Yes,Yes
U1504,Mumbai,42,M,Android,App,19-05-2025,01-05-2025,2,769,No,Yes
U1505,Hyderabad,37,F,Android,App,20-05-2025,15-04-2025,0,320,Yes,No
U1506,Pune,29,M,Android,App,21-05-2025,03-05-2025,4,372,No,Yes
U1507,Kolkata,40,M,iPhone,App,22-05-2025,26-04-2025,0,1277,Yes,Yes
U1508,Mumbai,23,F,Android,App,23-05-2025,30-04-2025,2,1372,No,No
U1509,Chennai,31,F,iPhone,App,24-05-2025,13-05-2025,2,378,Yes,Yes
U1510,Delhi,27,F,Android,App,25-05-2025,28-04-2025,3,915,Yes,Yes
U1511,Bangalore,21,F,Android,App,26-05-2025,03-05-2025,5,375,Yes,Yes
U1512,Bangalore,41,M,Android,App,27-05-2025,14-05-2025,1,1104,Yes,No
U1513,Hyderabad,32,M,Android,App,28-05-2025,16-04-2025,0,613,Yes,No
U1514,Mumbai,40,M,Android,App,29-05-2025,01-05-2025,2,1211,Yes,Yes
U1515,Kolkata,35,M,Android,App,30-05-2025,05-05-2025,1,1022,Yes,No
U1516,Hyderabad,21,M,Android,App,31-05-2025,17-04-2025,3,741,Yes,Yes
U1517,Delhi,30,F,Android,App,01-06-2025,16-04-2025,5,604,Yes,No
U1518,Hyderabad,29,M,Android,App,02-06-2025,03-05-2025,2,689,No,Yes
U1519,Pune,34,M,Android,App,03-06-2025,08-05-2025,1,871,No,No
U1520,Bangalore,36,M,Android,App,04-06-2025,21-04-2025,2,1364,No,No
U1521,Bangalore,27,F,Android,Web,05-06-2025,21-04-2025,1,839,No,No
U1522,Chennai,37,F,Android,App,06-06-2025,26-04-2025,1,774,Yes,Yes
U1523,Chennai,42,M,Android,App,07-06-2025,24-04-2025,1,1359,Yes,Yes
U1524,Kolkata,28,F,Android,App,08-06-2025,25-04-2025,3,1113,Yes,No
U1525,Delhi,44,F,Android,App,09-06-2025,06-05-2025,2,227,No,Yes
U1526,Pune,27,F,Android,App,10-06-2025,21-04-2025,1,602,No,No
U1527,Mumbai,33,F,Android,App,11-06-2025,24-04-2025,0,1323,Yes,No
U1528,Hyderabad,44,F,iPhone,Web,12-06-2025,07-05-2025,1,1001,Yes,No
U1529,Kolkata,37,F,Android,App,13-06-2025,29-04-2025,1,642,Yes,Yes
U1530,Delhi,41,F,Android,App,14-06-2025,18-04-2025,0,591,Yes,No
U1531,Chennai,39,M,Android,App,15-06-2025,22-04-2025,2,1144,Yes,No
U1532,Hyderabad,39,M,iPhone,App,16-06-2025,02-05-2025,1,1357,Yes,No
U1533,Chennai,40,F,Android,App,17-06-2025,22-04-2025,1,813,No,Yes
U1534,Hyderabad,31,M,Android,App,18-06-2025,18-04-2025,2,890,Yes,Yes
U1535,Mumbai,38,M,iPhone,App,19-06-2025,22-04-2025,2,515,No,Yes
U1536,Delhi,33,F,Android,App,20-06-2025,04-05-2025,3,247,No,Yes
U1537,Hyderabad,36,M,iPhone,App,21-06-2025,19-04-2025,4,1069,No,No
U1538,Pune,43,F,Android,App,22-06-2025,15-05-2025,1,128,No,No
U1539,Kolkata,40,F,iPhone,App,23-06-2025,24-04-2025,2,1484,No,Yes
U1540,Bangalore,22,F,Android,App,24-06-2025,29-04-2025,0,407,No,No
U1541,Pune,42,M,Android,App,25-06-2025,30-04-2025,2,261,No,Yes
U1542,Pune,26,M,Android,App,26-06-2025,19-04-2025,2,968,Yes,Yes
U1543,Kolkata,36,M,Android,App,27-06-2025,18-04-2025,2,951,No,Yes
U1544,Bangalore,31,M,Android,App,28-06-2025,03-05-2025,2,160,No,Yes
U1545,Pune,28,F,iPhone,App,29-06-2025,16-04-2025,0,224,No,No
U1546,Hyderabad,34,F,iPhone,App,30-06-2025,08-05-2025,3,1194,No,Yes
U1547,Hyderabad,37,M,Android,App,01-07-2025,24-04-2025,2,937,Yes,No
U1548,Hyderabad,40,F,iPhone,App,02-07-2025,16-04-2025,2,565,Yes,Yes
U1549,Bangalore,32,F,Android,Web,03-07-2025,21-04-2025,3,342,Yes,No
U1550,Pune,40,M,Android,App,04-07-2025,04-05-2025,1,1344,Yes,Yes
U1551,Bangalore,27,F,Android,App,05-07-2025,20-04-2025,0,572,No,Yes
U1552,Hyderabad,33,M,Android,App,06-07-2025,05-05-2025,3,1058,Yes,Yes
U1553,Kolkata,27,F,Android,App,07-07-2025,11-05-2025,0,632,Yes,Yes
U1554,Pune,33,M,Android,App,08-07-2025,29-04-2025,1,593,Yes,Yes
U1555,Pune,26,F,iPhone,App,09-07-2025,18-04-2025,5,998,Yes,No
U1556,Chennai,42,F,Android,App,10-07-2025,03-05-2025,1,181,No,No
U1557,Chennai,31,M,iPhone,App,11-07-2025,25-04-2025,1,955,No,No
U1558,Mumbai,30,M,Android,App,12-07-2025,17-04-2025,5,978,Yes,No
U1559,Delhi,41,M,Android,App,13-07-2025,28-04-2025,5,1022,Yes,Yes
U1560,Chennai,41,M,Android,App,14-07-2025,18-04-2025,4,111,Yes,Yes
U1561,Bangalore,30,F,iPhone,App,15-07-2025,21-04-2025,2,1386,Yes,No
U1562,Chennai,44,F,Android,App,16-07-2025,05-05-2025,0,548,Yes,No
U1563,Mumbai,41,M,Android,App,17-07-2025,30-04-2025,1,1315,No,No
U1564,Pune,32,F,Android,App,18-07-2025,22-04-2025,5,861,Yes,No
U1565,Mumbai,37,M,Android,App,19-07-2025,15-04-2025,3,1237,Yes,Yes
U1566,Pune,21,M,Android,App,20-07-2025,24-04-2025,0,125,Yes,Yes
U1567,Kolkata,40,F,Android,Web,21-07-2025,17-04-2025,1,607,No,Yes
U1568,Kolkata,34,F,Android,App,22-07-2025,07-05-2025,1,161,No,Yes
U1569,Pune,39,M,Android,App,23-07-2025,07-05-2025,2,328,No,Yes
U1570,Delhi,37,M,Android,App,24-07-2025,21-04-2025,4,706,Yes,Yes
U1571,Chennai,34,M,Android,App,25-07-2025,07-05-2025,2,1158,No,No
U1572,Bangalore,38,F,Android,Web,26-07-2025,04-05-2025,1,990,Yes,No
U1573,Bangalore,42,F,Android,App,27-07-2025,12-05-2025,1,860,Yes,No
U1574,Hyderabad,43,F,iPhone,App,28-07-2025,03-05-2025,3,694,Yes,No
U1575,Pune,31,F,Android,App,29-07-2025,12-05-2025,2,1148,Yes,Yes
U1576,Bangalore,32,M,Android,App,30-07-2025,27-04-2025,3,1155,No,Yes
U1577,Delhi,41,M,Android,App,31-07-2025,15-05-2025,2,1135,No,No
U1578,Pune,30,M,Android,App,01-08-2025,01-05-2025,1,1442,Yes,Yes
U1579,Delhi,24,M,Android,Web,02-08-2025,15-04-2025,0,100,No,Yes
U1580,Bangalore,20,M,Android,App,03-08-2025,16-04-2025,4,1259,No,Yes
U1581,Bangalore,43,M,Android,App,04-08-2025,12-05-2025,5,1319,No,Yes
U1582,Hyderabad,22,F,iPhone,App,05-08-2025,14-05-2025,3,232,Yes,No
U1583,Bangalore,41,F,Android,App,06-08-2025,06-05-2025,0,185,Yes,Yes
U1584,Pune,38,M,Android,Web,07-08-2025,24-04-2025,1,1447,Yes,No
U1585,Kolkata,42,M,Android,Web,08-08-2025,23-04-2025,4,1303,No,No
U1586,Pune,26,F,Android,App,09-08-2025,04-05-2025,3,615,Yes,Yes
U1587,Pune,31,F,Android,App,10-08-2025,29-04-2025,2,274,Yes,Yes
U1588,Hyderabad,34,F,Android,App,11-08-2025,30-04-2025,2,862,Yes,Yes
U1589,Hyderabad,44,F,Android,Web,12-08-2025,28-04-2025,2,1144,Yes,Yes
U1590,Bangalore,24,M,Android,App,13-08-2025,17-04-2025,4,1096,No,No
U1591,Mumbai,34,M,Android,App,14-08-2025,28-04-2025,1,1228,No,No
U1592,Mumbai,27,M,Android,Web,15-08-2025,28-04-2025,0,677,No,No
U1593,Hyderabad,29,M,Android,Web,16-08-2025,22-04-2025,1,148,No,Yes
U1594,Bangalore,35,M,Android,App,17-08-2025,28-04-2025,5,627,Yes,No
U1595,Mumbai,27,F,iPhone,App,18-08-2025,28-04-2025,4,244,Yes,No
U1596,Bangalore,20,M,Android,Web,19-08-2025,01-05-2025,1,1463,Yes,Yes
U1597,Bangalore,31,F,Android,App,20-08-2025,06-05-2025,4,861,Yes,No
U1598,Bangalore,24,M,iPhone,Web,21-08-2025,22-04-2025,5,1477,Yes,Yes
U1599,Chennai,22,M,Android,App,22-08-2025,09-05-2025,0,1198,No,No
U1600,Pune,20,M,Android,App,23-08-2025,19-04-2025,1,1028,Yes,No
U1601,Bangalore,23,M,Android,App,24-08-2025,28-04-2025,2,893,No,Yes
U1602,Chennai,27,M,Android,App,25-08-2025,13-05-2025,1,418,Yes,No
U1603,Hyderabad,22,F,Android,App,26-08-2025,07-05-2025,4,1210,Yes,Yes
U1604,Mumbai,29,F,Android,App,27-08-2025,05-05-2025,2,797,Yes,Yes
U1605,Pune,21,F,Android,App,28-08-2025,16-04-2025,2,946,Yes,No
U1606,Kolkata,30,M,Android,App,29-08-2025,08-05-2025,3,882,Yes,No
U1607,Mumbai,44,M,iPhone,App,30-08-2025,06-05-2025,1,141,Yes,Yes
U1608,Pune,29,F,Android,App,31-08-2025,10-05-2025,1,1216,Yes,Yes
U1609,Kolkata,40,M,Android,App,01-09-2025,21-04-2025,0,628,Yes,Yes
U1610,Mumbai,33,M,iPhone,App,02-09-2025,14-05-2025,4,1388,Yes,Yes
U1611,Pune,26,F,Android,App,03-09-2025,08-05-2025,2,391,No,No
U1612,Mumbai,21,M,iPhone,App,04-09-2025,22-04-2025,1,1068,No,No
U1613,Mumbai,28,F,Android,App,05-09-2025,18-04-2025,2,196,Yes,No
U1614,Kolkata,35,M,Android,App,06-09-2025,16-04-2025,1,1218,No,Yes
U1615,Mumbai,32,F,Android,Web,07-09-2025,03-05-2025,1,1449,No,No
U1616,Mumbai,28,M,Android,App,08-09-2025,11-05-2025,0,173,No,Yes
U1617,Kolkata,39,M,Android,App,09-09-2025,06-05-2025,0,1459,Yes,No
U1618,Hyderabad,23,F,iPhone,Web,10-09-2025,29-04-2025,2,1191,Yes,No
U1619,Bangalore,41,M,Android,App,11-09-2025,08-05-2025,2,857,No,No
U1620,Delhi,29,M,Android,App,12-09-2025,20-04-2025,7,1200,Yes,Yes
U1621,Chennai,41,F,iPhone,App,13-09-2025,21-04-2025,3,307,No,Yes
U1622,Delhi,31,M,Android,App,14-09-2025,12-05-2025,3,1344,No,Yes
U1623,Delhi,36,F,Android,App,15-09-2025,17-04-2025,5,1385,Yes,No
U1624,Pune,33,M,iPhone,App,16-09-2025,13-05-2025,3,509,Yes,Yes
U1625,Bangalore,33,M,Android,App,17-09-2025,22-04-2025,1,430,Yes,Yes
U1626,Pune,44,M,Android,App,18-09-2025,18-04-2025,2,443,Yes,Yes
U1627,Bangalore,21,M,iPhone,App,19-09-2025,11-05-2025,0,1088,Yes,No
U1628,Kolkata,40,F,Android,App,20-09-2025,02-05-2025,2,870,Yes,Yes
U1629,Kolkata,44,M,Android,App,21-09-2025,30-04-2025,3,173,Yes,No
U1630,Bangalore,39,F,Android,App,22-09-2025,14-05-2025,5,353,Yes,No
U1631,Mumbai,30,M,Android,App,23-09-2025,23-04-2025,2,1058,No,No
U1632,Hyderabad,35,M,iPhone,App,24-09-2025,06-05-2025,1,919,Yes,Yes
U1633,Mumbai,38,M,Android,App,25-09-2025,19-04-2025,3,1085,No,Yes
U1634,Hyderabad,42,M,Android,App,26-09-2025,30-04-2025,0,431,No,Yes
U1635,Pune,25,F,Android,App,27-09-2025,01-05-2025,3,1468,Yes,Yes
U1636,Hyderabad,43,F,Android,App,28-09-2025,22-04-2025,3,846,No,Yes
U1637,Pune,38,F,Android,App,29-09-2025,23-04-2025,5,935,Yes,No
U1638,Kolkata,24,F,iPhone,App,30-09-2025,22-04-2025,2,554,No,Yes
U1639,Delhi,23,M,Android,App,01-10-2025,13-05-2025,0,1238,Yes,No
U1640,Kolkata,34,F,Android,App,02-10-2025,25-04-2025,1,412,Yes,Yes
U1641,Kolkata,23,F,Android,App,03-10-2025,01-05-2025,3,1117,Yes,No
U1642,Delhi,39,M,Android,App,04-10-2025,21-04-2025,4,327,Yes,No
U1643,Hyderabad,29,M,Android,App,05-10-2025,14-05-2025,4,933,Yes,No
U1644,Hyderabad,43,M,Android,App,06-10-2025,28-04-2025,3,957,Yes,No
U1645,Pune,41,M,Android,App,07-10-2025,24-04-2025,1,1368,Yes,No
U1646,Mumbai,22,F,Android,App,08-10-2025,15-05-2025,0,917,Yes,No
U1647,Pune,24,F,Android,App,09-10-2025,12-05-2025,2,1117,Yes,Yes
U1648,Mumbai,25,M,Android,App,10-10-2025,14-05-2025,3,627,Yes,No
U1649,Kolkata,40,M,Android,App,11-10-2025,28-04-2025,2,1049,Yes,Yes
U1650,Delhi,41,M,Android,App,12-10-2025,13-05-2025,1,526,Yes,Yes
U1651,Kolkata,27,F,iPhone,App,13-10-2025,06-05-2025,3,141,No,Yes
U1652,Bangalore,26,F,Android,App,14-10-2025,02-05-2025,1,564,Yes,Yes
U1653,Hyderabad,40,M,iPhone,App,15-10-2025,02-05-2025,3,377,No,Yes
U1654,Mumbai,29,M,Android,App,16-10-2025,22-04-2025,3,935,Yes,Yes
U1655,Pune,25,F,Android,App,17-10-2025,20-04-2025,4,118,No,Yes
U1656,Delhi,33,M,iPhone,App,18-10-2025,24-04-2025,2,165,Yes,No
U1657,Mumbai,23,M,Android,App,19-10-2025,19-04-2025,1,266,Yes,Yes
U1658,Pune,44,F,iPhone,App,20-10-2025,04-05-2025,3,1119,Yes,No
U1659,Hyderabad,32,M,Android,App,21-10-2025,04-05-2025,1,502,Yes,Yes
U1660,Kolkata,39,F,Android,App,22-10-2025,26-04-2025,5,508,Yes,No
U1661,Hyderabad,36,M,Android,App,23-10-2025,20-04-2025,2,211,Yes,No
U1662,Chennai,42,M,Android,App,24-10-2025,28-04-2025,3,1397,No,No
U1663,Bangalore,26,F,Android,App,25-10-2025,16-04-2025,0,1496,Yes,No
U1664,Chennai,23,F,Android,Web,26-10-2025,17-04-2025,1,696,Yes,Yes
U1665,Delhi,33,M,Android,App,27-10-2025,28-04-2025,4,750,No,No
U1666,Mumbai,22,F,Android,App,28-10-2025,13-05-2025,1,1162,Yes,No
U1667,Delhi,43,M,Android,App,29-10-2025,15-05-2025,5,204,No,No
U1668,Kolkata,24,M,Android,App,30-10-2025,15-04-2025,0,423,Yes,No
U1669,Pune,35,F,iPhone,App,31-10-2025,02-05-2025,2,1091,No,Yes
U1670,Hyderabad,42,M,Android,Web,01-11-2025,22-04-2025,4,528,Yes,No
U1671,Chennai,39,M,iPhone,App,02-11-2025,24-04-2025,2,734,No,Yes
U1672,Chennai,23,F,iPhone,App,03-11-2025,01-05-2025,2,829,No,No
U1673,Kolkata,43,F,Android,App,04-11-2025,18-04-2025,2,988,Yes,Yes
U1674,Chennai,43,M,Android,App,05-11-2025,29-04-2025,1,1184,Yes,No
U1675,Kolkata,21,F,Android,App,06-11-2025,24-04-2025,2,1430,Yes,Yes
U1676,Delhi,37,F,Android,App,07-11-2025,26-04-2025,1,1477,No,Yes
U1677,Hyderabad,38,F,Android,Web,08-11-2025,26-04-2025,2,492,Yes,No
U1678,Mumbai,38,F,Android,App,09-11-2025,07-05-2025,2,303,Yes,No
U1679,Pune,36,M,Android,App,10-11-2025,22-04-2025,0,357,Yes,No
U1680,Mumbai,33,M,Android,App,11-11-2025,24-04-2025,3,585,Yes,Yes
U1681,Delhi,38,M,Android,App,12-11-2025,25-04-2025,2,545,Yes,Yes
U1682,Pune,41,F,Android,App,13-11-2025,21-04-2025,0,1303,No,No
U1683,Chennai,43,F,Android,App,14-11-2025,01-05-2025,3,1123,Yes,No
U1684,Bangalore,32,F,Android,App,15-11-2025,01-05-2025,2,441,No,No
U1685,Delhi,31,F,Android,App,16-11-2025,18-04-2025,4,232,Yes,Yes
U1686,Delhi,25,F,Android,App,17-11-2025,06-05-2025,0,542,Yes,No
U1687,Hyderabad,40,F,Android,App,18-11-2025,02-05-2025,3,352,Yes,Yes
U1688,Mumbai,23,F,Android,App,19-11-2025,21-04-2025,2,364,Yes,No
U1689,Delhi,38,M,Android,App,20-11-2025,30-04-2025,2,192,No,Yes
U1690,Delhi,35,M,Android,App,21-11-2025,01-05-2025,3,237,No,Yes
U1691,Chennai,32,F,Android,App,22-11-2025,09-05-2025,2,1331,Yes,No
U1692,Chennai,23,F,Android,App,23-11-2025,27-04-2025,2,1101,Yes,No
U1693,Pune,42,F,Android,App,24-11-2025,20-04-2025,1,406,Yes,Yes
U1694,Kolkata,36,M,Android,App,25-11-2025,04-05-2025,0,365,No,Yes
U1695,Kolkata,42,M,Android,App,26-11-2025,18-04-2025,1,745,No,Yes
U1696,Bangalore,20,F,Android,Web,27-11-2025,09-05-2025,3,417,No,No
U1697,Kolkata,37,F,iPhone,App,28-11-2025,23-04-2025,1,1236,Yes,Yes
U1698,Hyderabad,39,M,Android,App,29-11-2025,05-05-2025,2,1000,Yes,Yes
U1699,Bangalore,36,M,Android,App,30-11-2025,23-04-2025,0,553,Yes,No
U1700,Pune,34,M,Android,App,01-12-2025,29-04-2025,0,290,Yes,No
U1701,Chennai,30,M,Android,App,02-12-2025,23-04-2025,1,1310,Yes,No
U1702,Kolkata,44,F,Android,App,03-12-2025,27-04-2025,1,930,Yes,No
U1703,Mumbai,41,M,Android,App,04-12-2025,08-05-2025,4,1490,Yes,No
U1704,Chennai,32,M,Android,App,05-12-2025,26-04-2025,2,1212,No,No
U1705,Hyderabad,20,F,Android,Web,06-12-2025,23-04-2025,3,286,No,No
U1706,Chennai,36,M,Android,App,07-12-2025,15-04-2025,0,918,Yes,No
U1707,Hyderabad,25,M,iPhone,App,08-12-2025,30-04-2025,1,1120,Yes,Yes
U1708,Hyderabad,23,M,iPhone,App,09-12-2025,14-05-2025,2,231,Yes,No
U1709,Hyderabad,39,F,Android,App,10-12-2025,19-04-2025,2,971,No,Yes
U1710,Pune,35,M,Android,App,11-12-2025,04-05-2025,6,734,No,Yes
U1711,Hyderabad,34,F,Android,App,12-12-2025,19-04-2025,3,1499,No,Yes
U1712,Hyderabad,34,F,Android,App,13-12-2025,04-05-2025,2,790,No,Yes
U1713,Mumbai,25,M,Android,App,14-12-2025,15-05-2025,2,791,Yes,No
U1714,Bangalore,34,M,Android,App,15-12-2025,19-04-2025,2,1222,Yes,No
U1715,Delhi,33,M,Android,App,16-12-2025,23-04-2025,2,1157,Yes,No
U1716,Bangalore,30,M,iPhone,App,17-12-2025,05-05-2025,4,681,Yes,No
U1717,Hyderabad,26,F,Android,App,18-12-2025,07-05-2025,1,270,No,Yes
U1718,Mumbai,28,M,Android,App,19-12-2025,23-04-2025,2,1489,Yes,Yes
U1719,Chennai,35,M,Android,App,20-12-2025,08-05-2025,2,883,Yes,No
U1720,Mumbai,24,M,Android,App,21-12-2025,30-04-2025,0,1182,Yes,No
U1721,Hyderabad,44,F,Android,App,22-12-2025,03-05-2025,2,280,No,Yes
U1722,Mumbai,39,M,Android,App,23-12-2025,01-05-2025,3,118,Yes,No
U1723,Kolkata,29,M,Android,App,24-12-2025,11-05-2025,5,1349,No,Yes
U1724,Mumbai,37,F,iPhone,App,25-12-2025,01-05-2025,1,1218,Yes,Yes
U1725,Hyderabad,22,F,Android,App,26-12-2025,18-04-2025,0,980,Yes,Yes
U1726,Pune,32,M,Android,App,27-12-2025,03-05-2025,2,1420,Yes,Yes
U1727,Kolkata,30,M,Android,App,28-12-2025,15-05-2025,2,274,No,No
U1728,Mumbai,36,M,iPhone,App,29-12-2025,24-04-2025,0,1345,Yes,No
U1729,Delhi,41,M,Android,App,30-12-2025,03-05-2025,2,153,No,Yes
U1730,Delhi,32,M,Android,App,31-12-2025,30-04-2025,6,794,Yes,No
U1731,Mumbai,25,F,iPhone,Web,01-01-2026,08-05-2025,0,962,Yes,No
U1732,Pune,36,F,Android,App,02-01-2026,05-05-2025,0,1441,No,Yes
U1733,Chennai,32,M,iPhone,App,03-01-2026,05-05-2025,3,448,Yes,Yes
U1734,Hyderabad,38,M,Android,App,04-01-2026,14-05-2025,7,542,Yes,No
U1735,Delhi,40,F,Android,App,05-01-2026,12-05-2025,1,932,No,No
U1736,Chennai,38,M,Android,App,06-01-2026,29-04-2025,1,679,Yes,No
U1737,Mumbai,29,M,Android,App,07-01-2026,12-05-2025,3,381,No,Yes
U1738,Chennai,22,M,Android,App,08-01-2026,28-04-2025,2,459,Yes,No
U1739,Kolkata,33,M,Android,App,09-01-2026,01-05-2025,1,1014,Yes,Yes
U1740,Bangalore,38,M,Android,Web,10-01-2026,28-04-2025,2,922,Yes,Yes
U1741,Delhi,24,F,Android,App,11-01-2026,23-04-2025,4,991,No,No
U1742,Mumbai,24,M,iPhone,App,12-01-2026,02-05-2025,2,1052,Yes,Yes
U1743,Hyderabad,39,M,iPhone,App,13-01-2026,24-04-2025,3,740,No,Yes
U1744,Pune,36,M,Android,Web,14-01-2026,08-05-2025,2,1131,No,Yes
U1745,Kolkata,40,F,iPhone,App,15-01-2026,22-04-2025,4,662,Yes,Yes
U1746,Mumbai,29,F,Android,App,16-01-2026,30-04-2025,3,590,Yes,No
U1747,Hyderabad,24,F,Android,Web,17-01-2026,28-04-2025,2,440,Yes,Yes
U1748,Pune,23,F,Android,App,18-01-2026,18-04-2025,1,571,Yes,Yes
U1749,Pune,25,M,Android,App,19-01-2026,13-05-2025,1,348,Yes,Yes
U1750,Mumbai,23,F,Android,App,20-01-2026,25-04-2025,2,334,No,Yes
U1751,Kolkata,26,M,Android,App,21-01-2026,19-04-2025,2,1206,No,No
U1752,Chennai,26,M,Android,App,22-01-2026,06-05-2025,2,1216,No,Yes
U1753,Chennai,37,F,Android,App,23-01-2026,18-04-2025,0,923,No,No
U1754,Pune,22,F,Android,Web,24-01-2026,26-04-2025,0,1391,No,Yes
U1755,Chennai,20,F,iPhone,Web,25-01-2026,28-04-2025,2,731,Yes,Yes
U1756,Bangalore,43,F,Android,App,26-01-2026,18-04-2025,1,628,No,No
U1757,Pune,44,F,iPhone,App,27-01-2026,17-04-2025,4,1376,No,No
U1758,Pune,23,M,iPhone,App,28-01-2026,29-04-2025,3,221,Yes,Yes
U1759,Hyderabad,25,F,iPhone,App,29-01-2026,01-05-2025,0,991,No,No
U1760,Chennai,28,F,iPhone,App,30-01-2026,14-05-2025,4,109,Yes,Yes
U1761,Kolkata,41,F,iPhone,App,31-01-2026,21-04-2025,3,1439,No,No
U1762,Pune,33,M,Android,App,01-02-2026,23-04-2025,2,937,No,No
U1763,Kolkata,31,F,Android,App,02-02-2026,24-04-2025,1,1396,No,No
U1764,Bangalore,44,M,Android,Web,03-02-2026,07-05-2025,0,1429,Yes,No
U1765,Hyderabad,39,F,Android,App,04-02-2026,10-05-2025,4,1333,No,Yes
U1766,Mumbai,43,F,Android,App,05-02-2026,21-04-2025,1,852,Yes,No
U1767,Kolkata,44,M,Android,App,06-02-2026,06-05-2025,2,985,Yes,Yes
U1768,Pune,23,F,iPhone,App,07-02-2026,25-04-2025,4,563,No,Yes
U1769,Bangalore,40,M,iPhone,App,08-02-2026,07-05-2025,3,811,Yes,Yes
U1770,Delhi,43,M,iPhone,App,09-02-2026,12-05-2025,1,827,No,Yes
U1771,Bangalore,31,M,Android,App,10-02-2026,18-04-2025,0,816,Yes,No
U1772,Bangalore,29,F,Android,App,11-02-2026,25-04-2025,1,1339,Yes,No
U1773,Hyderabad,41,F,Android,App,12-02-2026,18-04-2025,3,179,No,No
U1774,Mumbai,26,F,Android,App,13-02-2026,14-05-2025,2,579,Yes,Yes
U1775,Delhi,22,M,Android,App,14-02-2026,30-04-2025,0,1001,Yes,Yes
U1776,Chennai,42,F,Android,Web,15-02-2026,01-05-2025,2,990,No,No
U1777,Chennai,33,M,iPhone,App,16-02-2026,17-04-2025,3,117,Yes,Yes
U1778,Kolkata,43,F,Android,Web,17-02-2026,24-04-2025,1,1288,No,No
U1779,Bangalore,29,M,Android,App,18-02-2026,25-04-2025,3,301,Yes,No
U1780,Hyderabad,35,M,Android,Web,19-02-2026,15-04-2025,1,840,Yes,No
U1781,Hyderabad,35,M,Android,App,20-02-2026,15-04-2025,4,1469,Yes,No
U1782,Chennai,41,F,Android,App,21-02-2026,27-04-2025,4,1489,Yes,No
U1783,Kolkata,29,M,iPhone,App,22-02-2026,13-05-2025,0,418,Yes,Yes
U1784,Kolkata,44,M,Android,App,23-02-2026,01-05-2025,0,316,Yes,No
U1785,Kolkata,32,M,Android,App,24-02-2026,13-05-2025,3,1157,Yes,Yes
U1786,Delhi,25,M,Android,App,25-02-2026,15-04-2025,1,365,Yes,Yes
U1787,Mumbai,31,M,Android,App,26-02-2026,29-04-2025,1,823,Yes,Yes
U1788,Delhi,28,M,Android,App,27-02-2026,15-05-2025,3,874,Yes,No
U1789,Pune,32,F,Android,App,28-02-2026,05-05-2025,2,1203,Yes,Yes
U1790,Pune,23,F,Android,App,01-03-2026,27-04-2025,0,512,No,Yes
U1791,Mumbai,43,M,Android,App,02-03-2026,16-04-2025,4,1375,No,Yes
U1792,Chennai,30,F,Android,App,03-03-2026,09-05-2025,1,1135,No,No
U1793,Mumbai,39,F,Android,App,04-03-2026,05-05-2025,3,500,Yes,No
U1794,Hyderabad,37,M,iPhone,App,05-03-2026,11-05-2025,2,823,No,No
U1795,Pune,30,M,Android,App,06-03-2026,18-04-2025,2,381,No,No
U1796,Bangalore,44,M,Android,App,07-03-2026,06-05-2025,1,1235,No,Yes
U1797,Bangalore,40,F,Android,Web,08-03-2026,21-04-2025,1,822,Yes,Yes
U1798,Chennai,23,M,Android,App,09-03-2026,29-04-2025,2,850,No,No
U1799,Hyderabad,37,F,Android,App,10-03-2026,10-05-2025,1,367,No,Yes
U1800,Delhi,20,M,Android,App,11-03-2026,04-05-2025,1,397,No,Yes
U1801,Hyderabad,26,F,Android,App,12-03-2026,15-05-2025,0,1440,Yes,Yes
U1802,Bangalore,25,M,iPhone,App,13-03-2026,23-04-2025,1,669,Yes,Yes
U1803,Bangalore,34,M,Android,App,14-03-2026,11-05-2025,3,608,Yes,Yes
U1804,Pune,37,F,iPhone,App,15-03-2026,05-05-2025,3,645,Yes,No
U1805,Hyderabad,43,F,Android,App,16-03-2026,03-05-2025,2,874,No,Yes
U1806,Hyderabad,30,F,iPhone,App,17-03-2026,14-05-2025,0,464,Yes,No
U1807,Bangalore,39,F,iPhone,App,18-03-2026,18-04-2025,2,646,Yes,Yes
U1808,Delhi,43,F,Android,App,19-03-2026,14-05-2025,4,370,Yes,Yes
U1809,Chennai,34,F,iPhone,App,20-03-2026,13-05-2025,3,838,Yes,Yes
U1810,Kolkata,35,M,Android,App,21-03-2026,10-05-2025,0,636,Yes,No
U1811,Chennai,26,F,iPhone,App,22-03-2026,04-05-2025,1,1357,No,Yes
U1812,Hyderabad,40,M,Android,Web,23-03-2026,30-04-2025,3,158,Yes,No
U1813,Chennai,29,M,Android,App,24-03-2026,12-05-2025,2,1374,Yes,No
U1814,Bangalore,31,F,Android,App,25-03-2026,06-05-2025,1,185,Yes,No
U1815,Bangalore,43,M,iPhone,App,26-03-2026,23-04-2025,3,862,Yes,Yes
U1816,Hyderabad,33,F,Android,App,27-03-2026,07-05-2025,2,489,Yes,Yes
U1817,Hyderabad,44,F,Android,App,28-03-2026,17-04-2025,1,1303,No,Yes
U1818,Kolkata,24,M,Android,App,29-03-2026,01-05-2025,2,818,No,No
U1819,Kolkata,40,M,iPhone,App,30-03-2026,22-04-2025,1,955,No,Yes
U1820,Pune,37,F,Android,App,31-03-2026,02-05-2025,2,248,No,No
U1821,Hyderabad,24,F,Android,App,01-04-2026,09-05-2025,0,682,Yes,No
U1822,Delhi,22,M,Android,Web,02-04-2026,16-04-2025,3,220,No,Yes
U1823,Chennai,42,M,Android,App,03-04-2026,15-04-2025,3,864,No,Yes
U1824,Hyderabad,24,M,Android,App,04-04-2026,09-05-2025,1,704,No,No
U1825,Mumbai,43,M,iPhone,App,05-04-2026,06-05-2025,2,355,Yes,Yes
U1826,Pune,36,F,Android,App,06-04-2026,21-04-2025,2,865,No,Yes
U1827,Mumbai,38,F,Android,App,07-04-2026,02-05-2025,0,963,No,No
U1828,Bangalore,38,F,Android,App,08-04-2026,15-05-2025,4,899,No,Yes
U1829,Kolkata,44,F,Android,App,09-04-2026,21-04-2025,1,1432,Yes,No
U1830,Chennai,40,M,Android,App,10-04-2026,27-04-2025,4,158,No,No
U1831,Hyderabad,31,M,Android,App,11-04-2026,23-04-2025,3,1121,No,No
U1832,Mumbai,44,F,Android,App,12-04-2026,15-05-2025,4,1192,No,Yes
U1833,Chennai,28,F,iPhone,App,13-04-2026,29-04-2025,1,487,Yes,Yes
U1834,Bangalore,20,F,Android,Web,14-04-2026,22-04-2025,1,1209,No,No
U1835,Kolkata,37,F,iPhone,App,15-04-2026,25-04-2025,2,885,Yes,Yes
U1836,Delhi,40,F,iPhone,App,16-04-2026,16-04-2025,0,1350,Yes,Yes
U1837,Pune,23,F,Android,App,17-04-2026,11-05-2025,1,692,Yes,Yes
U1838,Chennai,29,F,iPhone,App,18-04-2026,21-04-2025,4,1307,No,Yes
U1839,Chennai,44,F,Android,App,19-04-2026,02-05-2025,1,1445,Yes,Yes
U1840,Delhi,26,F,Android,App,20-04-2026,17-04-2025,1,1008,Yes,No
U1841,Chennai,41,M,Android,App,21-04-2026,02-05-2025,5,1441,No,Yes
U1842,Bangalore,42,F,Android,App,22-04-2026,25-04-2025,3,665,No,Yes
U1843,Bangalore,20,M,Android,App,23-04-2026,12-05-2025,4,498,Yes,No
U1844,Delhi,36,M,Android,App,24-04-2026,02-05-2025,4,998,No,No
U1845,Pune,43,F,Android,App,25-04-2026,12-05-2025,2,1416,No,Yes
U1846,Hyderabad,21,F,Android,App,26-04-2026,09-05-2025,2,392,Yes,Yes
U1847,Mumbai,30,M,iPhone,App,27-04-2026,15-05-2025,2,584,Yes,No
U1848,Hyderabad,28,M,Android,App,28-04-2026,04-05-2025,2,902,Yes,No
U1849,Chennai,26,F,Android,App,29-04-2026,08-05-2025,3,989,Yes,No
U1850,Mumbai,41,M,Android,App,30-04-2026,28-04-2025,1,343,Yes,No
U1851,Delhi,36,F,Android,App,01-05-2026,13-05-2025,4,1059,No,Yes
U1852,Delhi,36,F,Android,App,02-05-2026,25-04-2025,2,1277,No,No
U1853,Pune,21,F,iPhone,App,03-05-2026,24-04-2025,3,915,Yes,Yes
U1854,Mumbai,25,M,Android,App,04-05-2026,01-05-2025,2,372,Yes,No
U1855,Bangalore,33,M,Android,Web,05-05-2026,11-05-2025,2,619,Yes,No
U1856,Mumbai,25,F,iPhone,App,06-05-2026,21-04-2025,1,1251,Yes,No
U1857,Chennai,21,M,iPhone,App,07-05-2026,18-04-2025,1,1496,Yes,Yes
U1858,Bangalore,20,M,Android,App,08-05-2026,21-04-2025,1,667,No,Yes
U1859,Kolkata,29,M,Android,App,09-05-2026,12-05-2025,4,737,No,No
U1860,Kolkata,40,M,Android,App,10-05-2026,13-05-2025,1,258,Yes,No
U1861,Kolkata,24,M,Android,Web,11-05-2026,30-04-2025,2,751,No,No
U1862,Delhi,21,M,Android,App,12-05-2026,05-05-2025,1,275,Yes,Yes
U1863,Mumbai,41,M,Android,App,13-05-2026,15-05-2025,2,719,No,Yes
U1864,Kolkata,35,F,iPhone,App,14-05-2026,19-04-2025,3,310,Yes,No
U1865,Hyderabad,44,M,Android,App,15-05-2026,24-04-2025,2,546,Yes,Yes
U1866,Pune,21,M,Android,App,16-05-2026,11-05-2025,2,685,No,No
U1867,Hyderabad,29,M,Android,App,17-05-2026,15-04-2025,0,266,Yes,Yes
U1868,Kolkata,21,M,Android,App,18-05-2026,25-04-2025,0,559,No,No
U1869,Pune,35,M,Android,App,19-05-2026,21-04-2025,0,1015,Yes,No
U1870,Chennai,35,M,Android,App,20-05-2026,19-04-2025,3,1480,Yes,No
U1871,Hyderabad,38,M,iPhone,App,21-05-2026,02-05-2025,3,1427,Yes,Yes
U1872,Mumbai,26,M,Android,App,22-05-2026,15-05-2025,2,1356,Yes,No
U1873,Mumbai,41,F,Android,App,23-05-2026,03-05-2025,0,1450,No,Yes
U1874,Hyderabad,31,M,Android,App,24-05-2026,26-04-2025,3,1305,Yes,No
U1875,Kolkata,43,M,Android,App,25-05-2026,27-04-2025,1,1457,No,Yes
U1876,Mumbai,34,M,Android,App,26-05-2026,14-05-2025,1,1152,No,Yes
U1877,Chennai,27,M,Android,App,27-05-2026,11-05-2025,2,813,No,Yes
U1878,Bangalore,25,F,Android,App,28-05-2026,20-04-2025,3,1216,Yes,Yes
U1879,Kolkata,29,F,iPhone,App,29-05-2026,19-04-2025,2,940,No,No
U1880,Chennai,22,F,Android,App,30-05-2026,06-05-2025,2,967,Yes,Yes
U1881,Pune,38,F,Android,App,31-05-2026,21-04-2025,3,787,Yes,No
U1882,Chennai,36,F,Android,App,01-06-2026,07-05-2025,6,429,Yes,No
U1883,Kolkata,26,F,iPhone,App,02-06-2026,11-05-2025,2,1307,Yes,Yes
U1884,Pune,40,F,Android,App,03-06-2026,02-05-2025,0,194,Yes,No
U1885,Kolkata,39,F,Android,App,04-06-2026,08-05-2025,3,884,No,Yes
U1886,Mumbai,23,F,Android,App,05-06-2026,17-04-2025,0,748,Yes,Yes
U1887,Bangalore,33,F,Android,App,06-06-2026,03-05-2025,1,452,Yes,Yes
U1888,Kolkata,39,F,Android,App,07-06-2026,07-05-2025,0,1029,No,No
U1889,Kolkata,41,F,Android,App,08-06-2026,25-04-2025,5,1040,Yes,Yes
U1890,Mumbai,34,F,Android,App,09-06-2026,24-04-2025,0,1083,Yes,No
U1891,Delhi,43,F,Android,App,10-06-2026,25-04-2025,7,1388,Yes,No
U1892,Mumbai,27,F,iPhone,App,11-06-2026,12-05-2025,2,1142,No,No
U1893,Pune,40,F,Android,App,12-06-2026,20-04-2025,4,745,Yes,Yes
U1894,Mumbai,34,M,Android,App,13-06-2026,01-05-2025,4,725,Yes,No
U1895,Mumbai,41,F,Android,App,14-06-2026,10-05-2025,1,238,Yes,No
U1896,Bangalore,39,M,iPhone,App,15-06-2026,04-05-2025,2,815,No,No
U1897,Mumbai,33,F,Android,App,16-06-2026,14-05-2025,1,861,No,No
U1898,Kolkata,28,F,iPhone,App,17-06-2026,04-05-2025,2,354,No,No
U1899,Bangalore,27,M,Android,App,18-06-2026,01-05-2025,0,1208,Yes,Yes
U1900,Hyderabad,36,F,Android,App,19-06-2026,25-04-2025,3,775,Yes,Yes
U1901,Delhi,21,M,iPhone,App,20-06-2026,14-05-2025,2,191,Yes,Yes
U1902,Bangalore,44,M,Android,App,21-06-2026,04-05-2025,2,1192,Yes,Yes
U1903,Pune,43,M,Android,App,22-06-2026,15-05-2025,3,136,Yes,Yes
U1904,Hyderabad,22,F,iPhone,App,23-06-2026,13-05-2025,0,239,Yes,Yes
U1905,Bangalore,27,F,Android,App,24-06-2026,10-05-2025,2,966,Yes,Yes
U1906,Bangalore,31,F,Android,App,25-06-2026,17-04-2025,0,779,No,No
U1907,Delhi,20,M,Android,App,26-06-2026,09-05-2025,0,1301,Yes,Yes
U1908,Kolkata,29,M,Android,App,27-06-2026,25-04-2025,4,236,No,No
U1909,Pune,39,F,Android,App,28-06-2026,05-05-2025,1,289,Yes,Yes
U1910,Chennai,22,F,Android,App,29-06-2026,23-04-2025,2,441,Yes,No
U1911,Chennai,25,F,Android,App,30-06-2026,25-04-2025,0,1128,Yes,No
U1912,Bangalore,26,F,Android,App,01-07-2026,10-05-2025,0,1071,Yes,Yes
U1913,Mumbai,39,F,Android,App,02-07-2026,25-04-2025,4,1380,Yes,Yes
U1914,Pune,42,M,iPhone,App,03-07-2026,23-04-2025,0,761,Yes,Yes
U1915,Hyderabad,44,M,Android,App,04-07-2026,17-04-2025,2,342,No,Yes
U1916,Mumbai,37,M,iPhone,App,05-07-2026,01-05-2025,1,514,No,No
U1917,Mumbai,30,F,Android,App,06-07-2026,30-04-2025,2,806,Yes,No
U1918,Pune,38,M,Android,App,07-07-2026,06-05-2025,2,442,No,Yes
U1919,Kolkata,24,M,Android,App,08-07-2026,06-05-2025,2,781,No,Yes
U1920,Bangalore,38,M,Android,App,09-07-2026,25-04-2025,2,752,No,Yes
U1921,Bangalore,30,M,Android,App,10-07-2026,27-04-2025,2,245,No,Yes
U1922,Bangalore,43,M,Android,App,11-07-2026,29-04-2025,1,422,Yes,No
U1923,Bangalore,31,F,Android,App,12-07-2026,15-05-2025,1,221,Yes,Yes
U1924,Chennai,29,M,iPhone,Web,13-07-2026,15-05-2025,1,1375,Yes,No
U1925,Bangalore,27,F,Android,App,14-07-2026,14-05-2025,5,410,Yes,Yes
U1926,Chennai,43,F,Android,App,15-07-2026,15-04-2025,3,700,Yes,Yes
U1927,Chennai,28,F,Android,App,16-07-2026,28-04-2025,2,574,Yes,No
U1928,Kolkata,23,F,Android,App,17-07-2026,30-04-2025,1,669,No,Yes
U1929,Bangalore,24,F,Android,Web,18-07-2026,25-04-2025,3,674,No,No
U1930,Delhi,40,M,Android,App,19-07-2026,16-04-2025,0,446,No,No
U1931,Hyderabad,27,M,iPhone,App,20-07-2026,07-05-2025,2,919,No,Yes
U1932,Mumbai,42,F,Android,App,21-07-2026,29-04-2025,1,481,No,Yes
U1933,Chennai,28,F,Android,Web,22-07-2026,22-04-2025,3,1403,Yes,No
U1934,Pune,34,F,Android,App,23-07-2026,18-04-2025,1,171,Yes,No
U1935,Pune,34,M,Android,App,24-07-2026,06-05-2025,0,620,Yes,No
U1936,Hyderabad,35,F,Android,App,25-07-2026,01-05-2025,2,1489,No,Yes
U1937,Pune,33,M,Android,App,26-07-2026,20-04-2025,3,1032,Yes,No
U1938,Delhi,27,F,Android,App,27-07-2026,03-05-2025,1,1217,No,Yes
U1939,Pune,37,M,Android,App,28-07-2026,08-05-2025,2,1496,Yes,No
U1940,Mumbai,29,F,Android,App,29-07-2026,24-04-2025,1,438,Yes,No
U1941,Mumbai,39,M,Android,App,30-07-2026,26-04-2025,3,1459,No,Yes
U1942,Chennai,25,F,Android,App,31-07-2026,17-04-2025,2,763,Yes,No
U1943,Bangalore,31,M,Android,App,01-08-2026,13-05-2025,1,139,Yes,Yes
U1944,Kolkata,21,M,Android,App,02-08-2026,04-05-2025,4,1482,Yes,No
U1945,Delhi,26,M,iPhone,Web,03-08-2026,19-04-2025,0,673,Yes,Yes
U1946,Chennai,35,M,iPhone,App,04-08-2026,11-05-2025,7,1377,No,No
U1947,Delhi,22,M,iPhone,App,05-08-2026,05-05-2025,2,1065,Yes,Yes
U1948,Bangalore,32,M,Android,App,06-08-2026,20-04-2025,4,680,Yes,No
U1949,Pune,22,M,Android,App,07-08-2026,10-05-2025,3,269,Yes,No
U1950,Pune,37,F,Android,App,08-08-2026,11-05-2025,3,800,No,Yes
U1951,Kolkata,30,F,iPhone,App,09-08-2026,28-04-2025,6,610,Yes,Yes
U1952,Bangalore,27,F,Android,App,10-08-2026,26-04-2025,1,1383,No,No
U1953,Chennai,25,F,iPhone,App,11-08-2026,01-05-2025,0,683,No,Yes
U1954,Kolkata,20,F,iPhone,App,12-08-2026,21-04-2025,3,1083,Yes,No
U1955,Bangalore,20,M,Android,App,13-08-2026,19-04-2025,1,558,No,Yes
U1956,Hyderabad,42,M,Android,App,14-08-2026,05-05-2025,0,628,No,No
U1957,Mumbai,27,M,Android,Web,15-08-2026,23-04-2025,0,440,Yes,Yes
U1958,Kolkata,24,M,iPhone,App,16-08-2026,15-04-2025,1,156,Yes,Yes
U1959,Kolkata,35,M,Android,App,17-08-2026,01-05-2025,3,317,No,Yes
U1960,Chennai,30,F,iPhone,App,18-08-2026,12-05-2025,5,718,No,Yes
U1961,Delhi,24,F,Android,App,19-08-2026,12-05-2025,1,915,Yes,Yes
U1962,Hyderabad,23,F,Android,App,20-08-2026,02-05-2025,4,830,Yes,Yes
U1963,Chennai,25,F,iPhone,App,21-08-2026,26-04-2025,3,563,No,No
U1964,Bangalore,33,M,Android,App,22-08-2026,19-04-2025,2,346,No,No
U1965,Bangalore,41,M,Android,App,23-08-2026,13-05-2025,2,829,No,No
U1966,Bangalore,38,M,Android,App,24-08-2026,12-05-2025,1,472,Yes,Yes
U1967,Bangalore,28,F,Android,App,25-08-2026,08-05-2025,3,516,No,No
U1968,Delhi,31,M,Android,Web,26-08-2026,30-04-2025,3,1154,Yes,Yes
U1969,Hyderabad,30,F,Android,App,27-08-2026,05-05-2025,6,467,Yes,No
U1970,Pune,33,M,iPhone,App,28-08-2026,23-04-2025,2,658,No,Yes
U1971,Mumbai,42,M,iPhone,App,29-08-2026,21-04-2025,2,207,No,Yes
U1972,Delhi,35,F,Android,App,30-08-2026,07-05-2025,2,683,Yes,Yes
U1973,Delhi,20,M,Android,App,31-08-2026,24-04-2025,2,938,Yes,No
U1974,Pune,32,M,Android,App,01-09-2026,21-04-2025,3,517,No,Yes
U1975,Pune,42,F,Android,Web,02-09-2026,11-05-2025,3,920,Yes,No
U1976,Mumbai,40,M,iPhone,App,03-09-2026,21-04-2025,2,1395,No,Yes
U1977,Mumbai,40,F,Android,App,04-09-2026,25-04-2025,3,782,No,No
U1978,Pune,32,M,Android,App,05-09-2026,10-05-2025,2,1239,Yes,No
U1979,Bangalore,21,M,Android,Web,06-09-2026,19-04-2025,1,355,No,Yes
U1980,Delhi,23,M,Android,App,07-09-2026,17-04-2025,1,1204,No,Yes
U1981,Chennai,25,M,Android,App,08-09-2026,23-04-2025,2,879,No,No
U1982,Mumbai,42,M,Android,App,09-09-2026,13-05-2025,1,1251,No,No
U1983,Mumbai,24,M,Android,App,10-09-2026,02-05-2025,3,937,No,Yes
U1984,Pune,44,M,Android,App,11-09-2026,23-04-2025,3,1014,Yes,No
U1985,Hyderabad,22,M,Android,App,12-09-2026,14-05-2025,1,334,Yes,No
U1986,Chennai,20,F,Android,App,13-09-2026,24-04-2025,4,652,No,Yes
U1987,Chennai,23,F,Android,App,14-09-2026,27-04-2025,4,280,Yes,No
U1988,Mumbai,44,M,Android,App,15-09-2026,15-05-2025,2,256,Yes,Yes
U1989,Bangalore,39,M,Android,App,16-09-2026,11-05-2025,2,670,No,Yes
U1990,Hyderabad,21,F,Android,App,17-09-2026,21-04-2025,5,956,No,No
U1991,Chennai,24,M,Android,App,18-09-2026,21-04-2025,2,1147,Yes,Yes
U1992,Mumbai,22,M,Android,App,19-09-2026,14-05-2025,5,1047,No,Yes
U1993,Chennai,28,F,iPhone,App,20-09-2026,10-05-2025,3,691,No,No
U1994,Kolkata,39,M,iPhone,App,21-09-2026,02-05-2025,3,233,Yes,No
U1995,Hyderabad,25,M,Android,Web,22-09-2026,18-04-2025,1,520,No,No
U1996,Hyderabad,37,F,iPhone,App,23-09-2026,11-05-2025,3,312,Yes,No
U1997,Kolkata,25,M,Android,App,24-09-2026,29-04-2025,0,999,Yes,No
U1998,Delhi,38,M,Android,App,25-09-2026,23-04-2025,3,581,Yes,Yes
U1999,Kolkata,31,F,Android,App,26-09-2026,19-04-2025,1,447,Yes,Yes
